title,published_utc
Why Investors Need to Know This Underrated Cryptocurrency,2022-05-18 11:29:00+00:00
How retirement coaches are training people to make one of life’s trickiest transitions,2022-05-18 13:45:00+00:00
Why Boeing and Airline Stocks Are Falling Today,2022-05-18 18:35:07+00:00
Sector Rotation And 9 Stocks To Watch During A Recession,2022-05-18 22:43:36+00:00
Is Microsoft a Buy After Its Latest Earnings Report?,2022-05-19 12:30:00+00:00
Lockheed's (LMT) Unit Wins Deal to Support CH-53K Jet Program,2022-05-20 12:40:00+00:00
"Got $5,000? Buy and Hold These 3 Market-Beating Stocks",2022-05-20 13:41:00+00:00
Deere Falls Sharply as Industrials Weigh on Wall Street,2022-05-20 17:27:59+00:00
Why Boeing Stock Lost 7% Today,2022-05-20 18:46:43+00:00
Airbus SE (EADSY) Wins Deal to Support UH-72 Lakota Helicopter,2022-05-23 12:05:00+00:00
Bear of the Day: Boeing (BA),2022-05-24 11:00:00+00:00
Marathon Oil and Boeing have been highlighted as Zacks Bull and Bear of the Day,2022-05-24 11:40:00+00:00
Why Boeing Shares Are Falling Today,2022-05-24 19:08:48+00:00
CEO who wants his company to be the Toyota of rocket launchers says losing two-thirds of its value won’t change strategy,2022-05-25 07:50:00+00:00
Amazon (AMZN) Boosts Cloud Offerings With EC2 C7g Instances,2022-05-25 15:12:00+00:00
"3 Dow Stocks With 107% to 147% Upside, According to Wall Street",2022-05-26 09:06:00+00:00
Bell-Boeing Wins a $61M Contract to Support CV-22 Jets,2022-05-26 11:59:00+00:00
Should You Buy the Dow Jones' 3 Worst-Performing 2022 Stocks?,2022-05-26 15:08:45+00:00
Why Boeing Stock Rocketed 5% Today,2022-05-26 20:33:00+00:00
Why Is Boeing (BA) Down 17.2% Since Last Earnings Report?,2022-05-27 15:51:00+00:00
Airlines face severe pilot shortage as summer travel season nears,2022-05-28 15:25:00+00:00
Wide-Moat Stocks On Sale - The June 2022 Heat Map,2022-05-31 07:20:25+00:00
"With Summer Upon Us, 3 Airline Stocks To Watch Closely",2022-05-31 15:54:00+00:00
Northrop (NOC) Wins a Deal to Support MQ-4C Triton Aircraft,2022-06-01 14:15:00+00:00
New Strong Sell Stocks for June 2nd,2022-06-02 10:14:00+00:00
Lockheed (LMT) Wins $186M Deal to Support CH-53K Aircraft,2022-06-02 13:25:00+00:00
Why Shares in Boeing Flew Today,2022-06-02 19:06:23+00:00
The Dow Ends Firmly in the Green Thanks to Boeing's Big Potential Deal and Salesforce's Post-Earnings Run,2022-06-02 20:38:00+00:00
Why Shares in Boeing Slumped in May,2022-06-03 13:22:22+00:00
9 Of The Most Expensive Planes In The World: What's Your Style?,2022-06-03 19:43:36+00:00
Boeing (BA) Stock Moves -0.89%: What You Should Know,2022-06-03 21:45:19+00:00
Is It Time to Buy the Dow Jones' 3 Worst-Performing May Stocks?,2022-06-04 11:56:00+00:00
Boeing shares have to beat ‘this resistance’ to pull out of the downtrend,2022-06-05 00:26:06+00:00
Did SpaceX Really Save Taxpayers $40 Billion?,2022-06-05 10:30:00+00:00
Boeing Is Back in the Space Race,2022-06-06 10:31:00+00:00
"1 Green Flag For Boeing in 2022, and 1 Red Flag",2022-06-07 11:51:00+00:00
Is It Time to Buy the Dow Jones' 3 Worst-Performing Stocks This Year?,2022-06-09 10:03:00+00:00
Boeing (BA) Wins Deal to Support F/A-18E/F & EA-18G Aircraft,2022-06-09 12:21:00+00:00
Amazon (AMZN) Boosts AWS Offerings With Mainframe Modernization,2022-06-09 13:51:00+00:00
"TriMas (TRS) Wins Boeing T-7A Contract, Boosts Defense Business",2022-06-09 15:14:00+00:00
Why the Dow Got Crushed Today,2022-06-09 20:48:00+00:00
Lockheed (LMT) Wins Deal to Support Missile Programs for Navy,2022-06-10 13:56:00+00:00
"3 Reasons to Buy Amazon, and 1 to Sell",2022-06-10 14:15:00+00:00
Why Boeing and Its Suppliers Are Falling Today,2022-06-10 20:11:49+00:00
Why Is Everyone Talking About Amazon Stock?,2022-06-11 10:00:00+00:00
Space Force Prefers ULA Over SpaceX,2022-06-11 10:15:00+00:00
How Microsoft is Bringing the Metaverse to Factory Floors,2022-06-11 12:45:00+00:00
Disney Is Proving Why It Doesn't Need to Pay a Dividend,2022-06-11 15:45:00+00:00
Northrop Grumman Needs a Plan B for Space,2022-06-12 10:06:00+00:00
"Down 45%, There Has Never Been a Better Time to Buy This Dow Growth Stock",2022-06-12 11:38:00+00:00
Nearing Retirement? The 3 Best Defense Dividend Stocks to Buy Now,2022-06-12 12:16:00+00:00
These airlines will benefit the most from U.S. lifting COVID-19 test requirements for international travel,2022-06-13 12:25:00+00:00
"Company News for Jun 13, 2022",2022-06-13 13:26:00+00:00
Why Boeing Shares Are Falling Today,2022-06-13 17:58:08+00:00
Dow Plunges 876 Points,2022-06-13 20:59:00+00:00
Can the Fed Land This Plane Safely?,2022-06-14 21:51:00+00:00
Joe Biden Could Ease Trump-Era Tariffs On China To Tame Inflation,2022-06-15 07:36:27+00:00
Caterpillar to move headquarters to Texas from Illinois in fresh blow to the Chicago area,2022-06-15 11:39:00+00:00
Why Boeing Shares Are Gaining Altitude Today,2022-06-15 15:43:01+00:00
"Despite the Largest Fed Rate Hike in Decades, 1 Stock Steered the Dow Higher",2022-06-15 20:55:00+00:00
A Peek Into The Markets: US Stock Futures Down After Fed Boosts Interest Rate,2022-06-16 10:01:31+00:00
Lockheed (LMT) Wins $450M Deal to Support JASSM Program,2022-06-16 11:57:00+00:00
"In a tough, post-Fed market, strategist finds opportunity knocking in a couple of this year's hottest sectors",2022-06-16 12:16:00+00:00
"Company News for Jun 16, 2022",2022-06-16 13:28:00+00:00
Boeing (BA) Stock Moves -0.27%: What You Should Know,2022-06-16 21:45:14+00:00
Wall Street Breakfast: What Moved Markets,2022-06-18 12:08:45+00:00
Northrop (NOC) Arm Wins Deal for Submarine Missile Program,2022-06-20 12:30:00+00:00
"Company News for Jun 20, 2022",2022-06-20 12:32:00+00:00
Is Juneteenth being observed by companies in the Dow industrials? Here's how some are handling it. ,2022-06-20 13:44:00+00:00
Is Boeing Stock a Buy?,2022-06-21 13:47:00+00:00
Boeing (BA) Gains As Market Dips: What You Should Know,2022-06-22 21:45:19+00:00
Northrop (NOC) Arm Wins $248.2M Deal for MQ-4C Triton UAS,2022-06-23 11:51:00+00:00
Lockheed (LMT) Wins Contract to Support MH-60R Aircraft,2022-06-23 12:51:00+00:00
Ken Griffin moving Citadel to Miami from Chicago amid feud with Democratic Illinois governor,2022-06-24 14:53:00+00:00
Why Boeing Shares Are Flying High Today,2022-06-24 17:25:59+00:00
Still Think Tesla Is Expensive? This Stat Will Change Your Mind,2022-06-27 10:01:00+00:00
Bad News for Boeing: SpaceX Wins 5 More Contracts,2022-06-27 12:07:00+00:00
New Strong Sell Stocks for June 28th,2022-06-28 10:16:00+00:00
Embraer (ERJ) Inks Agreement for 10 Passenger to Freight Jets,2022-06-28 11:59:00+00:00
Lockheed (LMT) Wins $2B Deal for Black Hawk Helicopters,2022-06-28 14:09:00+00:00
Why Boeing Shares Are Flying High Today,2022-06-28 17:26:44+00:00
Jefferies: Boeing stock will return to its year-to-date high,2022-06-28 19:48:17+00:00
Boeing (BA) Stock Moves -0.01%: What You Should Know,2022-06-28 21:45:19+00:00
Boeing (BA) Wins $44M Deal to Support F/A-18 E/F & E/A-18G Jets,2022-06-29 13:11:00+00:00
"Top Analyst Reports for Meta Platforms, Eli Lilly &  Home Depot",2022-06-29 18:44:00+00:00
"The Zacks Analyst Blog Highlights Meta Platforms, Eli Lilly, The Home Depot, The Boeing Company, Vale",2022-06-30 10:35:00+00:00
Why Boeing Shares Are Down Today,2022-06-30 18:40:57+00:00
Lockheed (LMT) Wins $307M Deal to Aid PAC-3 Missile Program,2022-07-01 12:03:00+00:00
Is Most-Watched Stock The Boeing Company (BA) Worth Betting on Now?,2022-07-01 13:00:13+00:00
You'll Never Guess Which Northrop Grumman Business Is Still Growing,2022-07-02 09:53:00+00:00
Bear Markets and Recessions Are No Match for These 3 Top Stocks,2022-07-02 11:00:00+00:00
Here's What a Top Aviation CEO at Boeing Just Said About the Economy,2022-07-02 13:43:00+00:00
Boeing (BA) Wins Deal to Offer Engineering Services to KC-135,2022-07-04 12:01:00+00:00
Dow Jones: Earnings Season Looms,2022-07-05 14:54:00+00:00
Why General Electric Shares Fell Today,2022-07-05 16:49:00+00:00
Why Boeing Shares Are Down Today,2022-07-05 18:18:00+00:00
3 Sectors To Buy Before The Q2 Earnings Season,2022-07-06 10:17:00+00:00
Boeing (BA) Wins Contract to Support KC-46 Tanker Aircraft,2022-07-06 12:58:00+00:00
Here's Why Boeing Lost One-Third of Its Value So Far in 2022,2022-07-06 17:11:41+00:00
U.S. Stock Futures Edge Higher After Fed Minutes,2022-07-07 09:07:56+00:00
Why Virgin Galactic Shares Rocketed Higher Today,2022-07-07 16:28:19+00:00
"Virgin Galactic (SPCE), Aurora Team Up to Build Mothership",2022-07-08 11:54:00+00:00
Boeing (BA) Dips More Than Broader Markets: What You Should Know,2022-07-08 21:45:19+00:00
Why Virgin Galactic Stock Soared This Week,2022-07-08 22:10:28+00:00
"Against All Odds, SLS May Beat Starship to Orbit",2022-07-10 09:53:00+00:00
Airbus Keeps Trouncing Boeing on Jet Orders,2022-07-10 13:09:00+00:00
"GameStop's Split, Peloton's Gamble, and Crafty Investments",2022-07-12 04:07:00+00:00
Why Is Canoo Surging By 80%? 52 Stocks Moving In Tuesday's Mid-Day Session,2022-07-12 16:00:29+00:00
Why Boeing Stock Popped Today,2022-07-12 16:30:32+00:00
Lockheed Martin (LMT) Wins Deal to Support CH-53K Aircraft,2022-07-12 16:58:00+00:00
U.S. stocks stumble into the close as June inflation report looms,2022-07-12 20:23:00+00:00
"Boeing, PriceSmart And 80 Biggest Movers From Yesterday",2022-07-13 08:59:07+00:00
Virgin Galactic Looks Interesting Now That the Focus Is Back on Space,2022-07-13 09:09:00+00:00
VIX Suggests More Pain For US Stock Markets Ahead,2022-07-13 11:39:09+00:00
"Company News for Jul 13, 2022",2022-07-13 12:32:00+00:00
Boeing (BA) Q2 Commercial Jet Deliveries Up More Than 50% Y/Y,2022-07-13 12:46:00+00:00
Why Is Everyone Talking About Boeing Stock?,2022-07-13 12:51:00+00:00
Is Trending Stock The Boeing Company (BA) a Buy Now?,2022-07-13 13:00:11+00:00
Amazon (AMZN) Boosts AWS Offerings With Cloud WAN Availability,2022-07-13 14:20:00+00:00
Should You Invest in the iShares U.S. Aerospace & Defense ETF (ITA)?,2022-07-14 10:20:10+00:00
"Boeing, Airbus: Looking At Plane Industry Into 2045",2022-07-14 14:31:00+00:00
RBC Capital Cuts Boeing Price Target By 9%,2022-07-14 16:53:36+00:00
"Amazon's (AMZN) AWS Gets Picked by Delta, Boosts Clientele",2022-07-14 22:11:00+00:00
Boeing (BA) Wins Deal to Support F/A-18E/F Production Aircraft,2022-07-15 12:23:00+00:00
Benchmark Reduces Boeing Price Target By 20% - Read Why,2022-07-15 19:39:02+00:00
Boeing (BA) Gains But Lags Market: What You Should Know,2022-07-15 21:45:23+00:00
"Super Bearish On Tesla Or Nvidia? Inverse, Leveraged ETFs Offer Investors New Opportunities",2022-07-15 21:53:42+00:00
'I see buying opportunities.' How this stock trader with 40 years of experience makes money in a bear market,2022-07-16 12:22:00+00:00
Boeing 'Very Close' To Delivering 787 Dreamliner After 2 Years — Gives Update On 737 MAX Status,2022-07-18 05:00:16+00:00
"Goldman Sachs, Bank of America And 3 Stocks To Watch Heading Into Monday",2022-07-18 08:42:23+00:00
"Boeing, Airbus face off at Farnborough International Air Show",2022-07-18 09:24:00+00:00
"US Stock Futures Gain; Goldman Sachs, Bank of America Earnings In Focus",2022-07-18 09:56:37+00:00
Boeing And 24 Stocks Moving Premarket,2022-07-18 10:23:21+00:00
"Beat the Market Like Zacks: AMN Healthcare, Boeing, Clorox, Home Depot in Focus",2022-07-18 11:39:00+00:00
"Kremlin could seize Russian assets of U.S. companies, warns Moral Rating Agency",2022-07-18 11:43:00+00:00
Virgin Galactic Hitches a Ride With Boeing -- to Space!,2022-07-18 12:53:00+00:00
Why the 60/40 model suddenly has life again,2022-07-18 13:05:00+00:00
Can Boeing Catch Up to SpaceX in 2022?,2022-07-18 13:17:00+00:00
"Pre-Markets Start Robust, Where They Left Off Friday",2022-07-18 14:30:00+00:00
Pre-Markets in Green as Q2 Earnings Season Gathers Pace,2022-07-18 14:59:00+00:00
Why Boeing Shares Are Soaring Higher Today,2022-07-18 15:10:55+00:00
"Tesla, Coinbase Global And 41 Stocks Moving In Monday's Mid-Day Session",2022-07-18 16:05:02+00:00
"Dow books biggest drop in more than two weeks after report about Apple's plans to slow hiring, spending",2022-07-18 17:03:00+00:00
"Boeing CEO David Calhoun Talks About 737 Max 10 Orders, Supply Chain Constraints And Dealing With The US Congress",2022-07-18 19:11:43+00:00
Boeing stock is a ‘very attractive investment’ for the next 12 months,2022-07-18 22:37:04+00:00
"General Electric Reveals What Its 3 New Units Will Be Called, Ahead Of Historic Spin-Off",2022-07-19 04:19:43+00:00
"The Zacks Analyst Blog Highlights AMN Healthcare, Boeing, Clorox, Novo Nordisk and Costco Wholesale",2022-07-19 10:40:00+00:00
Delta Orders the Boeing 737 MAX (Finally),2022-07-19 11:18:00+00:00
Boeing (BA) Teams Up With Alder to Scale Up SAF Production,2022-07-19 11:58:00+00:00
Triumph Group (TGI) Arm Wins Deal to Support Boeing's Fleet,2022-07-19 12:36:00+00:00
"Company News for Jul 19, 2022",2022-07-19 13:38:00+00:00
Read Why Triumph Shares Are Trading Higher Today,2022-07-19 16:17:51+00:00
Why Boeing Shares Are Flying High Again Today,2022-07-19 17:44:03+00:00
Boeing is 'biggest beneficiary' of storied air show as new orders keep coming,2022-07-20 12:00:00+00:00
"Company News for Jul 20, 2022",2022-07-20 12:32:00+00:00
Earnings Preview: Boeing (BA) Q2 Earnings Expected to Decline,2022-07-20 14:02:02+00:00
Stocks Rise Again As Complacency Builds,2022-07-21 07:24:00+00:00
2 Unstoppable Dividend Aristocrats Begging To Be Bought Right Now,2022-07-21 13:03:00+00:00
Will Mixed Product Deliveries Aid Boeing (BA) in Q2 Earnings?,2022-07-21 13:58:00+00:00
Boeing (BA) Outpaces Stock Market Gains: What You Should Know,2022-07-21 21:45:21+00:00
Will 777-9-Led Abnormal Costs Hurt Boeing (BA) in Q2 Earnings?,2022-07-22 12:25:00+00:00
"Amazon And Apple Get CNBC 'Fast Money' Mentions, With One Stock Hitting An All-Time High Today",2022-07-22 19:08:14+00:00
"Dow, S&P 500 score best week in a month despite Friday's losses on jitters about earnings by tech giants",2022-07-22 20:39:00+00:00
"3 Signs the Market Will Dip Further, and 3 Signs We May Have Hit the Bottom",2022-07-23 11:13:00+00:00
"1 Stock To Buy, 1 Stock To Dump This Week: Exxon Mobil, Roku",2022-07-24 12:26:00+00:00
Boeing Smokes Airbus at Farnborough Airshow,2022-07-24 14:09:00+00:00
Texas Pacific and IBM have been highlighted as Zacks Bull and Bear of the Day,2022-07-25 09:37:00+00:00
Wall Street Breakfast: Earnings Onrush,2022-07-25 12:56:34+00:00
"Big Week for Q2 Earnings, Economic Data",2022-07-25 14:11:00+00:00
"Markets Wait For Fed FOMC, Big Tech Earnings and Economic Data",2022-07-25 14:47:00+00:00
Poor Defense Deliveries to Hurt Boeing (BA) in Q2 Earnings,2022-07-25 15:11:00+00:00
"Dow, S&P 500 eke out gains as investors await earnings and Wednesday's Fed decision",2022-07-25 20:29:00+00:00
Wall Street Breakfast: Walmart Makes Waves,2022-07-26 10:26:52+00:00
"Aerospace & Defense Q2 Earnings Due on Jul 27: BA, GD & TDY",2022-07-26 12:25:00+00:00
"Boeing, Meta Platforms And 5 Stocks To Watch Heading Into Wednesday",2022-07-27 08:02:08+00:00
"Bitcoin, Ethereum Register Gains, Here Are The Top Crypto Movers For Wednesday",2022-07-27 08:16:44+00:00
U.S. Stock Futures Gain; All Eyes On Fed Decision,2022-07-27 10:07:07+00:00
"Boeing (BA) Reports Q2 Loss, Lags Revenue Estimates",2022-07-27 12:45:50+00:00
"Boeing (BA) Q2 Earnings Miss Estimates, Revenues Decline Y/Y",2022-07-27 14:22:00+00:00
Pre-Markets Up Ahead of Fed Announcement,2022-07-27 14:39:00+00:00
Investors Await For Key Fed FOMC Decision,2022-07-27 15:11:00+00:00
Boeing Q2 report was ‘unexpectedly good’: Jim Cramer,2022-07-27 15:49:49+00:00
Nasdaq Jumps Over 300 Points; Boeing Posts Wider-Than-Expected Loss,2022-07-27 16:38:08+00:00
Nasdaq surges 4% in best day since April 2020 after Fed delivers expected interest rate rise,2022-07-27 21:01:00+00:00
Boeing (BA) Q2 2022 Earnings Call Transcript,2022-07-27 23:00:35+00:00
The Dow Jones Industrial Average's 5 Fastest-Growing Stocks,2022-07-28 09:21:00+00:00
Boeing Earnings: Hope Springs Eternal,2022-07-28 13:40:00+00:00
"Boeing: Management, Execution And Valuation Still Look Like Roadblocks",2022-07-28 14:42:00+00:00
"Southwest To Retain Its Position Of Strength, Says This Analyst",2022-07-29 19:39:12+00:00
4 Stocks That Could Put Nuclear Power on the Moon,2022-07-30 10:53:00+00:00
'Offices are toast': CEO of real estate investment platform Fundrise is betting workers won't return to city centers,2022-07-30 11:03:00+00:00
"July’s Big Rally Could Continue, But Consider The Risks ",2022-08-01 09:16:00+00:00
3 Companies That Could Replace Russia on the International Space Station,2022-08-01 09:17:00+00:00
Is SPDR S&P Aerospace & Defense ETF (XAR) a Strong ETF Right Now?,2022-08-01 10:20:07+00:00
"Boeing, Nio And Some Other Big Stocks Moving Higher In Today's Pre-Market Session",2022-08-01 12:05:22+00:00
"FAANGs ain't what they used to be, so beware the bear-market bounce says this hedge fund manager",2022-08-01 12:26:00+00:00
Why Boeing Stock Is Flying High Today,2022-08-01 15:24:35+00:00
FAA Boeing 787 approval could spell good news for these stocks,2022-08-01 16:40:00+00:00
"This Biotechnology Stock Is Trading Lower By 77%, Here Are 62 Stocks Moving In Monday's Mid-Day Session",2022-08-01 16:49:43+00:00
Boeing shares rejoice as FAA clears 787 Dreamliner for deliveries,2022-08-01 17:30:24+00:00
Why Revlon Shares Jumped 90%; Here Are 83 Biggest Movers From Yesterday,2022-08-02 09:01:37+00:00
Here's What General Electric and Raytheon Technologies Need in 2022,2022-08-02 09:37:00+00:00
"Pearson, Nikola And Some Other Big Gainers From Monday",2022-08-02 10:00:53+00:00
10 Best Stocks to Buy Now in August,2022-08-02 12:30:00+00:00
"Company News for Aug 2, 2022",2022-08-02 12:32:00+00:00
"Defense Stock Roundup: RTX, GD, NOC Beat on Q2 Earnings, BA Misses",2022-08-02 14:08:00+00:00
Why Boeing Shares Gained Altitude in July,2022-08-02 21:20:41+00:00
Here is What to Know Beyond Why The Boeing Company (BA) is a Trending Stock,2022-08-03 13:00:12+00:00
AMTD Digital adds more than $250 billion in market cap in 7 days,2022-08-03 16:00:00+00:00
Is Invesco S&P 500 Equal Weight Industrials ETF (RGI) a Strong ETF Right Now?,2022-08-05 10:20:08+00:00
Why No News Is Good News at Boeing,2022-08-05 13:11:00+00:00
Aerospace & Defense Q2 Earnings: Hit or Miss for ETFs?,2022-08-05 17:00:00+00:00
"Stocks To Watch: Spotlight On Inflation, GE, Auto Names And Crypto Comeback",2022-08-06 11:00:00+00:00
"Earn $2,000 in Monthly Retirement Dividends With 3 Easy Steps",2022-08-06 12:15:00+00:00
Subsidies for renewable energy often go to the same fossil-fuel companies that are fighting the green-energy transition with their other hand,2022-08-06 20:35:00+00:00
Will Boeing and Northrop Win $82 Billion From NASA?,2022-08-07 15:17:00+00:00
These 3 Dow Stocks Are Set to Soar in 2022's Second Half and Beyond,2022-08-08 14:45:00+00:00
Boeing 787 Dreamliner Has Been Cleared For Takeoff: FAA Clears Way For Delivery To Resume,2022-08-08 20:05:38+00:00
"Top Research Reports for T-Mobile, NextEra Energy & AMD",2022-08-08 20:19:00+00:00
"The Zacks Analyst Blog Highlights T-Mobile US, NextEra Energy, Advanced Micro Devices, The Boeing, and Johnson Controls International",2022-08-09 13:26:00+00:00
"Embraer (ERJ) Q2 Earnings Beat Estimates, Revenues Fall Y/Y",2022-08-10 11:30:00+00:00
Bill George Talks About What Makes a Good CEO,2022-08-11 11:10:00+00:00
The Inverse Jim Cramer Strategy,2022-08-11 19:58:22+00:00
Boeing (BA) Secures $278M Deal to Aid F/A 18 Aircraft Program,2022-08-15 13:10:00+00:00
Dividends Aren't For Taxable Accounts,2022-08-16 05:38:16+00:00
After-Hours Alert: Why AerSale Stock Is Diving,2022-08-16 20:35:49+00:00
Investors Heavily Search The Boeing Company (BA): Here is What You Need to Know,2022-08-17 13:00:12+00:00
3 Space Stocks You Can Buy on the Dip and Hold for Years,2022-08-17 14:29:00+00:00
Raytheon's (RTX) Unit Wins $50M Deal for MK-31 Guided Missile,2022-08-18 12:42:00+00:00
Textron (TXT) Unit Wins Deal to Support T-6C Aircraft Program,2022-08-19 11:07:00+00:00
"Outperforming the Market by 21% to 31% in 2022, These 3 Stocks Still Look Like a Good Value",2022-08-21 13:47:00+00:00
Should You Invest in the Invesco S&P 500 Equal Weight Industrials ETF (RGI)?,2022-08-24 10:20:08+00:00
4 Stocks to Keep a Tab on for Superb Earnings Acceleration,2022-08-24 12:01:00+00:00
Leidos (LDOS) Wins $358M Deal for Unmanned Undersea Vehicle,2022-08-24 12:39:00+00:00
"Zacks.com featured highlights include PDF Solutions, PattersonUTI Energy, Boeing and Royal Caribbean Cruises",2022-08-25 09:18:00+00:00
Boeing (BA) Delivers 2 Satellites for ULA's Atlas V Rocket,2022-08-25 13:47:00+00:00
"Six months after Russia invaded Ukraine, Moral Rating Agency’s ‘Courage Index’ analyzes companies’ statements on Kremlin’s aggression",2022-08-26 12:30:00+00:00
How enforcement loopholes are creating an unfair playing field for U.S. companies that exited Russia over Ukraine war,2022-08-26 16:05:00+00:00
Boeing (BA) Delivers 4 Grey Wolf Helicopters to US Air Force,2022-08-26 17:40:00+00:00
"Boeing's Problems Mount (GE and Raytheon, Take Note)",2022-08-27 10:41:00+00:00
SpaceX Just Promised a Starship Launch in 2024,2022-08-28 09:53:00+00:00
US Offers Largest Single Aid to Ukraine: Defense Stocks to Gain,2022-08-29 14:16:00+00:00
Stocks finish with back-to-back losses as investors digest Fed's vows not to waver in inflation fight,2022-08-29 20:34:00+00:00
"The Zacks Analyst Blog Highlights Raytheon Technologies, Boeing and L3Harris Technologies",2022-08-30 12:07:00+00:00
"Company News for Aug 30, 2022",2022-08-30 13:33:00+00:00
The Boeing Company (BA) Is a Trending Stock: Facts to Know Before Betting on It,2022-08-31 13:00:10+00:00
Boeing (BA) Wins $2.2B Deal to Build KC-46 Tanker Aircraft,2022-09-01 15:07:00+00:00
Boeing (BA) Secures $278M Deal to Aid F/A 18 Aircraft Program (revised),2022-09-01 17:28:00+00:00
Raytheon (RTX) Wins $972M Deal to Support AMRAAM Program,2022-09-01 17:52:00+00:00
Why Boeing Stock Is Falling Today,2022-09-01 18:07:52+00:00
Lockheed (LMT) Wins Deal to Support CH-53K Helicopter Program,2022-09-02 16:31:00+00:00
Boeing (BA) Secures $506M Contract to Support GMD System,2022-09-02 16:42:00+00:00
Boeing (BA) Dips More Than Broader Markets: What You Should Know,2022-09-02 21:45:22+00:00
Should You Invest in the SPDR S&P Aerospace & Defense ETF (XAR)?,2022-09-05 10:20:07+00:00
Boeing (BA) Wins $928M Deal to Supply KC-46A Aircraft to Israel,2022-09-05 12:59:00+00:00
Expert Ratings for Boeing,2022-09-07 17:54:11+00:00
Boeing To $233? Here Are 5 Other Price Target Changes For Thursday,2022-09-08 11:48:26+00:00
Boeing (BA) Outpaces Stock Market Gains: What You Should Know,2022-09-08 21:45:18+00:00
"Top Analyst Reports for QUALCOMM, TotalEnergies & S&P Global",2022-09-09 15:27:00+00:00
3 Ways to Invest in America's Brand-New Space Station,2022-09-10 11:07:00+00:00
"Vice President Harris Announces Coalition Including Firms of Elon Musk, Jeff Bezos To Boost Aerospace Industry",2022-09-10 13:26:42+00:00
"The Zacks Analyst Blog Highlights Qualcomm, TotalEnergies, S&P Global, PayPal and Boeing",2022-09-12 10:01:00+00:00
NASA Administrator Praises Elon Musk's SpaceX For Proving Critics Wrong: 'Everybody Poo-Pooed' The Private Space Company,2022-09-12 21:33:46+00:00
Why Boeing Stock Is Falling Today,2022-09-13 17:24:44+00:00
Proceed With Caution When Considering These 5 Ultra-Popular Stocks,2022-09-14 12:25:00+00:00
These 3 Dow Stocks Are Set to Soar in 2022's Second Half and Beyond,2022-09-15 13:27:00+00:00
Northrop (NOC) Wins Deal to Offer Command & Control Support,2022-09-15 16:57:00+00:00
Boeing (BA) Gains As Market Dips: What You Should Know,2022-09-15 21:45:22+00:00
Should You Invest in the iShares U.S. Aerospace & Defense ETF (ITA)?,2022-09-16 10:20:05+00:00
Boeing Shocks China,2022-09-16 14:00:00+00:00
Boeing (BA) Clinches Contract to Aid F/A-18E/F & E/A-18G Jets,2022-09-16 15:00:00+00:00
Lockheed (LMT) Wins Deal to Aid H-60 & H-53 Series Jets,2022-09-16 15:51:00+00:00
Why Boeing Stock Is Down Today,2022-09-16 18:19:45+00:00
Boeing Starliner Will Fly 6 Times -- and Maybe Never Again,2022-09-18 11:07:00+00:00
Boeing (BA) Adds Production Facility for Defense Aircraft,2022-09-19 12:36:00+00:00
SpaceX Is Finally More Reliable Than the Boeing and Lockheed Martin Alliance,2022-09-19 15:31:26+00:00
Textron (TXT) Wins Deal to Aid H-1 Light/Attack Helicopter,2022-09-20 15:06:00+00:00
"Streets, railroad tracks and playground equipment are melting and buckling amid record temperatures",2022-09-20 15:27:00+00:00
"Top Financial Media Stories Wednesday, September 21: Amazon's Roomba Maker Acquisition Attracts Regulatory Attention, Binance And FTX Bid For Voyager Digital's Assets, Germany Nationalizes Gas Giant Uniper To Avert Energy Crisis And More..",2022-09-21 12:13:18+00:00
Boeing (BA) Wins $52M Navy Deal to Support EA-18G Aircraft,2022-09-21 16:30:00+00:00
Boeing (BA) Dips More Than Broader Markets: What You Should Know,2022-09-21 21:45:22+00:00
"Boeing to pay $200 million to settle charges it misled investors following 737 Max crashes, SEC says",2022-09-22 21:24:00+00:00
"This Company Beat Boeing, Lockheed To Win $1B US Air Force Missile Contract",2022-09-23 06:42:05+00:00
"US Stock Futures Down Ahead Of Powell, PMI Data; Crude Oil Falls Sharply",2022-09-23 09:10:11+00:00
Embraer (ERJ) Teams Up With LHX to Upgrade KC-390 Millennium,2022-09-23 10:23:00+00:00
Boston Celtics coach Ime Udoka to be suspended for improper workplace relationship,2022-09-23 14:41:00+00:00
Boeing (BA) Secures Navy Deal to Support P-8A Combat Jets,2022-09-23 15:22:00+00:00
Why Boeing Stock Is Down Today,2022-09-23 15:41:42+00:00
Raytheon (RTX) Wins $985M Deal to Deliver Hypersonic Missile,2022-09-23 15:52:00+00:00
"U.S. stocks suffer another week of losses, Dow ends lowest since November 2020 as bond yields hammer equities after Fed rate hike",2022-09-24 11:49:00+00:00
Want to Beat the Dow Jones? Buy and Hold This Growth Stock,2022-09-25 09:22:00+00:00
Lockheed's (LMT) Sikorsky Wins Deal for Two UH-60M Aircraft,2022-09-27 14:37:00+00:00
2 Stocks Moving Up On a Mixed Market Day,2022-09-27 22:02:00+00:00
Why Boeing Stock Popped Today,2022-09-28 16:14:08+00:00
Morgan Stanley Bets On Boeing's Prospects Despite Market Pull-Back,2022-09-28 18:30:52+00:00
The Boeing Company (BA) is Attracting Investor Attention: Here is What You Should Know,2022-09-29 13:00:13+00:00
Why Boeing Stock Is Falling Today,2022-09-29 15:50:41+00:00
Boeing (BA) Wins $169M Deal to Assist F/A-18E/F & E/A-18G Jets,2022-09-29 16:22:00+00:00
"Car-related stocks take it on the chin, with declines of up to 25% in one day",2022-09-29 20:48:00+00:00
"'Right Now, You've Still Got To Avoid The Stock,' Jim Cramer Says About This Aerospace Company",2022-09-30 14:10:43+00:00
These 20 stocks in the S&P 500 tumbled between 20% and 30% in September,2022-10-01 12:34:00+00:00
"Keep Buying, Stocks Still Bottoming, Apple Tells The Tale",2022-10-03 06:54:41+00:00
Planet Labs Declares War on Global Warming,2022-10-03 10:07:00+00:00
Boeing (BA) Wins $192M Deal to Support F/A-18E/F & E/A-18G Jets,2022-10-03 13:10:00+00:00
Why Boeing Stock Is Up Today,2022-10-03 18:58:15+00:00
The Short List Of Dow Jones Stocks That Are Actually Up This Year: Hint — It's Very Short,2022-10-03 21:56:59+00:00
Raytheon Bags $1B Hypersonic Missile Contract,2022-10-04 11:51:00+00:00
Everyone Could Win in this New Space Race,2022-10-04 12:02:00+00:00
Congress must deny a special waiver Boeing seeks for the next version of the 737 MAX,2022-10-04 13:23:00+00:00
Boeing (BA) Clinches $29M Deal for CH-47F Block II Helicopter,2022-10-04 15:00:00+00:00
Is Invesco S&P 500 Equal Weight Industrials ETF (RGI) a Strong ETF Right Now?,2022-10-05 10:20:07+00:00
Is SPDR S&P Aerospace & Defense ETF (XAR) a Strong ETF Right Now?,2022-10-07 10:20:06+00:00
Why Boeing Stock Just Dropped,2022-10-07 16:00:27+00:00
Boeing (BA) Stock Moves -1.82%: What You Should Know,2022-10-07 21:45:23+00:00
Why Boeing Stock Lost Altitude in September,2022-10-08 11:15:00+00:00
The space (technology) race is ready for liftoff in this midsized military town,2022-10-10 00:06:00+00:00
"After Nearly 4 Years, 1st Boeing 737 MAX Reportedly Flies Into China",2022-10-10 06:27:48+00:00
"Advanced Micro Devices, Tesla And 3 Stocks To Watch Heading Into Monday",2022-10-10 08:25:15+00:00
Wall Street Breakfast: Earnings Gloom,2022-10-10 11:18:19+00:00
Why Boeing Stock Took Flight Today,2022-10-10 17:01:19+00:00
"Benzinga's Top Ratings Upgrades, Downgrades For October 11, 2022",2022-10-11 14:06:25+00:00
6 Analysts Have This to Say About Boeing,2022-10-11 15:06:59+00:00
Why Boeing Stock Gained Altitude and then Faded Today,2022-10-11 19:28:00+00:00
Is Boeing stock a ‘buy’ after deliveries went up in September?,2022-10-11 20:00:28+00:00
Boeing's (BA) Q3 Commercial Jet Deliveries Rise 32% Y/Y,2022-10-12 13:30:00+00:00
"Benzinga's Top Ratings Upgrades, Downgrades For October 12, 2022",2022-10-12 14:02:53+00:00
Lockheed (LMT) Secures Contract to Support CH-53K Aircraft,2022-10-12 15:39:00+00:00
Why Boeing Stock Is Falling Today,2022-10-12 15:53:11+00:00
"Credit Suisse Picks 7 Aerospace, Defense Stocks To Buy — And 4 To Avoid",2022-10-12 16:47:18+00:00
Wall Street Breakfast: Engaging The Core (CPI),2022-10-13 09:53:29+00:00
Here is What to Know Beyond Why The Boeing Company (BA) is a Trending Stock,2022-10-13 13:00:10+00:00
Boeing (BA) Clinches $85M Deal to Support P-8A Aircraft,2022-10-13 15:26:00+00:00
Boeing (BA) Gains But Lags Market: What You Should Know,2022-10-13 21:45:20+00:00
These 2 Special Situations Have Undeniable Long-Term Upside,2022-10-14 09:16:00+00:00
Northrop (NOC) Arm Wins $12.7M Deal for E-2D Advanced Hawkeye,2022-10-14 14:51:00+00:00
Why Boeing Stock Is Higher Today,2022-10-14 15:00:30+00:00
Moat ETFs & Stocks: A Way to Fight Volatility,2022-10-14 17:00:00+00:00
"Regional Banks Could Be The Next Oil, I Explain",2022-10-17 05:40:31+00:00
The Oil And Gas Industry Likely Heading For A Long-Term Downfall,2022-10-17 09:28:34+00:00
L3Harris (LHX) Clinches $61M Deal to Supply Bomb Rack Unit,2022-10-17 14:42:00+00:00
Textron (TXT) Declares Capacity Addition of Parts Distribution,2022-10-18 12:29:00+00:00
"Complete Exit For Exxon From Russia, Microsoft's Layoffs, Another Setback For Boeing's Potential 737 MAX 7 Approval, Visa & Mastercard Under FTC Probe: Top Stories Tuesday, Oct. 18",2022-10-18 12:30:22+00:00
Why Boeing Stock Is Moving Higher Today,2022-10-18 17:04:02+00:00
Will Boeing (BA) Report Negative Earnings Next Week? What You Should Know,2022-10-19 14:01:35+00:00
Boeing (BA) Gains As Market Dips: What You Should Know,2022-10-19 21:45:21+00:00
Textron (TXT) Earnings Expected to Grow: Should You Buy?,2022-10-20 14:02:09+00:00
"Jim Cramer Says He Dislikes Carnival, Prefers This Cruise Ship Stock With 'Better Balance Sheet'",2022-10-20 14:27:00+00:00
Rise in Aftermarket Service to Aid Boeing (BA) in Q3 Earnings?,2022-10-20 17:36:00+00:00
Here's the Best Space Stock to Buy If You Want Passive Income,2022-10-22 09:44:00+00:00
"3 Dow Stocks That Can Turn $400,000 Into $1 Million by 2028",2022-10-23 09:21:00+00:00
"1 Stock To Buy, 1 Stock To Dump This Week: Exxon Mobil, Shopify",2022-10-23 12:48:00+00:00
Should You Invest in the Invesco S&P 500 Equal Weight Industrials ETF (RGI)?,2022-10-24 10:20:09+00:00
Will 787 Delivery Restart Aid Boeing (BA) in Q3 Earnings?,2022-10-24 13:07:00+00:00
Can American Airlines Stock Maintain Altitude?,2022-10-25 09:08:00+00:00
"Aerospace & Defense Stocks' Q3 Earnings on Oct 26: BA, GD & TDY",2022-10-25 14:11:00+00:00
Lower Defense Deliveries to Hurt Boeing (BA) in Q3 Earnings,2022-10-25 15:13:00+00:00
Boeing Remains A Risky Bet Despite Cash-Flow Turnaround,2022-10-25 17:16:00+00:00
"Why Ford, Boeing, and Carnival Stocks Are Rocking",2022-10-25 18:14:42+00:00
Top 10 Wide-Moat Stocks to Buy Now,2022-10-25 19:57:07+00:00
Why Aerospace & Defense ETFs are Rising,2022-10-25 20:04:00+00:00
Futures Trade Lower; Earnings In Focus,2022-10-26 06:41:00+00:00
"Bitcoin Jumps Above 20,000; Here Are The Top Crypto Movers For Wednesday",2022-10-26 07:14:32+00:00
Market Volatility Decreases As US Stocks Extend Gains,2022-10-26 07:32:16+00:00
"Boeing, Meta Platforms And 3 Stocks To Watch Heading Into Wednesday",2022-10-26 08:43:21+00:00
"Nasdaq, S&P 500 Futures Lower Following Alphabet, Microsoft Earnings",2022-10-26 09:19:59+00:00
Investor Sentiment Improves As Wall Street Rises For Third Straight Session,2022-10-26 10:25:08+00:00
International Seaways and Whirlpool Corporation have been highlighted as Zacks Bull and Bear of the Day,2022-10-26 11:43:00+00:00
Boeing stock slips on widening Q3 loss and revenue miss amid ‘challenging environment’,2022-10-26 12:30:00+00:00
"Boeing (BA) Reports Q3 Loss, Misses Revenue Estimates",2022-10-26 12:45:07+00:00
"Trade Losses Widen, Boeing (BA) Reports Challenging Q3",2022-10-26 14:24:00+00:00
Boeing says its loss widened sharply in Q3: should you sell?,2022-10-26 14:47:03+00:00
Trade Balance Comes in Negative,2022-10-26 14:52:00+00:00
"Boeing (BA) Q3 Earnings Miss Estimates, Revenues Rise Y/Y",2022-10-26 15:54:00+00:00
Why Boeing Shares Are Turbulent Today,2022-10-26 17:34:18+00:00
"Ford exits Russia with joint-venture sale, but Moral Rating Agency slams ‘escape clause’",2022-10-26 19:21:00+00:00
Boeing (BA) Q3 2022 Earnings Call Transcript,2022-10-26 20:00:52+00:00
"U.S. stocks end mostly lower with Nasdaq, S&P 500 snapping 3-day winning streak as tech stumbles after disappointing earnings",2022-10-26 20:32:00+00:00
"Boeing, Seagate, Chipotle And Other Big Losers From Wednesday",2022-10-27 09:19:05+00:00
Fear & Greed Index Moves To 'Greed' Zone Ahead Of Big Earnings Reports,2022-10-27 09:39:53+00:00
"Company News for Oct 27, 2022",2022-10-27 13:31:00+00:00
Where Boeing Stands With Analysts,2022-10-27 14:00:42+00:00
7 Analysts Have This to Say About Boeing,2022-10-27 15:16:26+00:00
Boeing To $185? Plus This Analyst Boosts PT On Harley-Davidson,2022-10-27 15:53:15+00:00
Why Boeing Stock Is Bouncing Back on Thursday,2022-10-27 17:00:41+00:00
Space Investing Just Got Weirder,2022-10-30 13:07:00+00:00
57 Billion Reasons to Avoid Boeing Stock,2022-10-31 11:20:00+00:00
Why Boeing Stock Is Down Today,2022-10-31 15:10:18+00:00
"Could Titanium Sponge Become A Geopolitical Tool For Russia, China To Restrain The US Aerospace Industry?",2022-10-31 16:39:54+00:00
Why Boeing Stock Is Gaining Altitude Today,2022-11-02 16:53:02+00:00
"Dow ends 500 points lower, Nasdaq falls 3.4% after Fed raises rates, Powell signals terminal interest rate will be higher than expected",2022-11-02 20:21:00+00:00
Booking Holdings To Surge Over 33%? Plus This Analyst Slashes PT On Roku By Almost 50%,2022-11-03 13:18:49+00:00
Boeing Hosted Its First Investor Day In 4 Years After 737 MAX Debacle: What Do Analysts Think?,2022-11-03 16:15:30+00:00
Why Boeing Stock Is Flying High Again Today,2022-11-03 17:44:19+00:00
This Dow Stock Could Climb a Lot Further From Here,2022-11-03 21:31:00+00:00
Why Boeing and the Airlines Are Flying Higher Today,2022-11-04 18:16:41+00:00
Wall Street Breakfast: What Moved Markets,2022-11-05 12:21:14+00:00
"Down 76%, Should Investors Stay Away From This Space Stock?",2022-11-06 12:24:00+00:00
How To Balance The Current Slowdown With The Certainty Of Future Growth,2022-11-07 07:22:30+00:00
"14 Stocks To Watch If Donald Trump Announces 2024 Presidential Bid: 6 For Now, 8 For Later",2022-11-07 19:31:13+00:00
"Dow ends more than 400 points higher as investors await midterm elections, inflation data",2022-11-07 21:28:00+00:00
"Travel Returns To Pre-Pandemic Levels, But Some Airlines, Other Industry-Related Companies Struggle",2022-11-08 18:38:40+00:00
Why Boeing Stock Is Gaining Today,2022-11-08 19:12:48+00:00
Election Day Is Here: Which Politicians Are Profiting (Or Losing) On Stocks?,2022-11-08 19:37:59+00:00
$4 Million Bet On Boeing? Check Out 4 Stocks Insiders Are Buying,2022-11-09 11:45:08+00:00
"Mark Zuckerberg Takes Blame As Meta Lays Off 13% Of Workforce, Elon Musk's Tesla Stock Sale May Not Sit Well With Investors, Netflix Eyes Sports Leagues: Top Stories Wednesday, Nov. 09",2022-11-09 13:51:25+00:00
These 3 Dow Stocks Are Set to Soar in 2022's Second Half and Beyond,2022-11-09 15:29:50+00:00
Embraer (ERJ) to Report Q3 Earnings: What's in the Cards?,2022-11-10 11:25:00+00:00
"Troubled FTX Faces SEC Probe And 'Urgently Needs' $8B To Avoid Bankruptcy, NIO Posts Wider Q3 Loss, AstraZeneca Ditches US Application Submission For COVID-19 Shot: Top Stories Thursday, Nov. 11",2022-11-10 13:53:43+00:00
Why Boeing Stock Is Gaining Today,2022-11-10 17:42:50+00:00
Why Shares in Spirit AeroSystems Are Surging This Week,2022-11-10 20:36:00+00:00
"Amid Uncertainty Over FTX Collapse BlockFi Suspends Withdrawals, Juul Shelves Bankruptcy Preparations, Berkshire Hathaway Trims Holdings In Tesla Competitor: Top Stories Friday, Nov. 11",2022-11-11 13:12:00+00:00
Why This Spirit AeroSystems Analyst Made A Double Downgrade,2022-11-11 15:29:25+00:00
Did You Buy And Not Sell Friday? You're Doing It Wrong - Again,2022-11-14 08:33:53+00:00
"Embraer (ERJ) Q3 Earnings Lag Estimates, Revenues Fall Y/Y",2022-11-15 12:06:00+00:00
3 Top Industrial Stocks to Buy in November,2022-11-15 14:37:00+00:00
Wall Street Breakfast: Trump Declares,2022-11-16 12:10:13+00:00
Lockheed Martin (LMT) Wins Contract for UH-60M Black Hawk,2022-11-16 13:25:00+00:00
Raytheon (RTX) Secures Deal to Support RAM 2B Guided Missile,2022-11-16 13:47:00+00:00
Should You Invest in the iShares U.S. Aerospace & Defense ETF (ITA)?,2022-11-17 11:20:06+00:00
The Boeing Company (BA) Is a Trending Stock: Facts to Know Before Betting on It,2022-11-17 14:00:13+00:00
Lockheed (LMT) Secures Contract to Support CH-53K Aircraft,2022-11-17 14:56:00+00:00
Lockheed Martin (LMT) Wins Deal to Aid PAC-3 Missiles Program,2022-11-18 17:52:00+00:00
Could Amazon Be on the Brink of a Huge Mistake?,2022-11-19 12:06:00+00:00
"1 Small Step for NASA, 1 Giant Leap for Space Stocks",2022-11-22 12:07:00+00:00
Should You Invest in the Invesco Aerospace & Defense ETF (PPA)?,2022-11-23 11:20:05+00:00
SpaceX Continues to Dominate Moon Race,2022-11-24 12:07:00+00:00
Boeing (BA) Up 25.1% Since Last Earnings Report: Can It Continue?,2022-11-25 16:31:31+00:00
Here's What Boeing Must Do Before Its Stock Is a Buy,2022-11-27 13:04:00+00:00
Boeing Customer Goes Bankrupt,2022-11-28 08:44:08+00:00
The Boeing Company (BA) is Attracting Investor Attention: Here is What You Should Know,2022-11-30 14:00:11+00:00
"How Boeing, GE And Raytheon Shares Are Reacting To $1.3B In New US Defense Contracts",2022-11-30 17:32:28+00:00
How Much Is Project Artemis Worth to Lockheed Martin?,2022-12-01 11:06:00+00:00
These 20 stocks soared in November with gains of 22% or more after Powell ignites rally,2022-12-01 11:41:00+00:00
Aerojet Rocketdyne and ULA: A Match Made in Heaven?,2022-12-01 12:07:00+00:00
Chart of the Day: BA Set to Take Off to $215 as Airline Lags Recession,2022-12-01 12:30:00+00:00
Why Is Leidos (LDOS) Up 4.8% Since Last Earnings Report?,2022-12-01 16:31:38+00:00
Boeing: Beijing Strikes Back,2022-12-01 17:00:00+00:00
Why Boeing Stock Took Flight in November,2022-12-01 20:56:00+00:00
Boeing (BA) Dips More Than Broader Markets: What You Should Know,2022-12-01 22:45:18+00:00
Boeing: The Turnaround Of The Decade,2022-12-02 15:19:49+00:00
Boeing Bet Big on Defense -- and Lost,2022-12-03 12:07:00+00:00
Amazon Pushes Project Kuiper Into 2023. Should Investors Worry?,2022-12-04 12:07:00+00:00
Weakest Boeing Financials Going Into Recession: $100 Price Target,2022-12-05 07:26:23+00:00
Is Invesco S&P 500 Equal Weight Industrials ETF (RGI) a Strong ETF Right Now?,2022-12-05 11:20:07+00:00
"S&P 500, Nasdaq post worst day in month after strong data fuels worry about Fed rate hikes",2022-12-05 21:33:00+00:00
Investing in Industrial ETFs,2022-12-06 19:52:50+00:00
Jeff Bezos' Blue Origin Gets Another Opportunity To Pitch A Moon Lander After Losing To Elon Musk's SpaceX Last Year,2022-12-07 00:21:20+00:00
Jeff Bezos's Blue Origin bids again for NASA lunar mission,2022-12-07 04:05:00+00:00
Is SPDR S&P Aerospace & Defense ETF (XAR) a Strong ETF Right Now?,2022-12-07 11:20:07+00:00
Wall Street Breakfast: Down To Georgia,2022-12-07 12:00:48+00:00
Lockheed (LMT) Wins Contract to Support CH-53K Aircraft,2022-12-07 12:38:00+00:00
"Enterprise Products Partners, Estée Lauder And This Global Aerospace Company Feature on CNBC's 'Final Trades'",2022-12-07 14:19:05+00:00
Bell-Boeing Secures $75M Contract to Support CV-22 Aircraft,2022-12-07 15:36:00+00:00
Analyst Ratings for Boeing,2022-12-07 16:01:52+00:00
Boeing dealt setback on new 737 MAX models,2022-12-07 19:23:00+00:00
Boeing (BA) Dips More Than Broader Markets: What You Should Know,2022-12-07 22:45:17+00:00
Textron (TXT) Secures $1.4B Army Deal for FLRAA Program,2022-12-08 15:50:00+00:00
Wells Fargo Maintains Overweight Rating for Boeing: Here's What You Need To Know,2022-12-08 17:02:27+00:00
Why Boeing Shares Took Flight This Morning,2022-12-08 17:55:38+00:00
"Wall Street Breakfast December 9: FTC Sues To Block Microsoft, Activision Deal (Podcast)",2022-12-09 12:07:50+00:00
Brokers Suggest Investing in Boeing (BA): Read This Before Placing a Bet,2022-12-09 15:28:00+00:00
"The Dow industrials are on the verge of a 'golden cross,' even as BlackRock predicts recession like no other",2022-12-09 21:13:00+00:00
Southwest Airlines: Demand And Available Resources With Dhierin Bechai (Podcast),2022-12-10 06:52:48+00:00
Wall Street Breakfast: What Moved Markets,2022-12-10 13:03:00+00:00
"Big Week to Set Tone for Markets Amid Investor, Fed Worries",2022-12-12 12:45:00+00:00
"Take the Zacks Approach to Beat the Market: NVIDIA, Boeing, Amgen in Focus",2022-12-12 13:05:00+00:00
"Broadcom-Vmware Deal Draws European Regulatory Attention, Rivian Pauses Mercedes-Partnered EV Van Plans For Europe, Credit Suisse Issued Loan On Suspicious Bills: Top Stories Monday, Dec. 12",2022-12-12 13:09:42+00:00
PayPal To Rally Around 47%? Here Are 10 Other Price Target Changes For Monday,2022-12-12 13:39:32+00:00
Northrop (NOC) Wins Deal to Aid E-2D Advanced Hawkeye Aircraft,2022-12-12 14:20:00+00:00
Boeing Stock Is Rising Monday: What's Going On?,2022-12-12 16:24:05+00:00
These 2 Stocks Hope to Give Markets a Lift,2022-12-13 13:51:38+00:00
"Company News for Dec 13, 2022",2022-12-13 14:38:00+00:00
These 3 Big Winners in 2022 Can Soar Again in 2023,2022-12-13 15:34:00+00:00
"Dow ends 100 points higher, stocks book back-to-back gains as Wall Street gauges cooler inflation report, awaits Fed rate decision",2022-12-13 21:36:00+00:00
Boeing (BA) Gains But Lags Market: What You Should Know,2022-12-13 22:45:20+00:00
United Airlines' order is 'significant win' for Boeing,2022-12-14 13:18:00+00:00
Top Stories Today: Jack Dorsey Not Exactly Impressed With Elon Musk's Twitter; Binance Sees $3B Outflow In 7 Days..,2022-12-14 13:37:47+00:00
"Company News for Dec 14, 2022",2022-12-14 14:36:00+00:00
Here is What to Know Beyond Why The Boeing Company (BA) is a Trending Stock,2022-12-15 14:00:12+00:00
Boeing (BA) Secures Deal to Support F-15 Aircraft Program,2022-12-15 14:13:00+00:00
ITA: Sometimes The Best Offense Is Defense (And Aerospace),2022-12-16 05:37:32+00:00
Better Buy: General Electric or Raytheon Technologies?,2022-12-16 11:06:00+00:00
Better Buy: Boeing or Hexcel?,2022-12-16 11:22:00+00:00
Northrop (NOC) Wins Deal to Support E-2D Advanced Hawkeye Jets,2022-12-19 13:56:00+00:00
Textron May Have Won an $80 Billion Army Contract,2022-12-19 15:07:00+00:00
Goldman doubles down on call for investors to shun industrials stocks despite their dazzling 4th-quarter performance,2022-12-19 18:21:00+00:00
Raymond James Analyst Outlines Important Trends In US Airlines; International Capacity Restoration Regains Strength,2022-12-19 19:33:22+00:00
"Watch these airlines in 2023, says Raymond James",2022-12-19 20:57:00+00:00
Boeing (BA) Gains As Market Dips: What You Should Know,2022-12-19 22:45:24+00:00
Can Boeing Stock Soar in 2023?,2022-12-20 08:17:00+00:00
"Eaton, Uber, Cintas And This Leading Aircraft Maker With 'Momentum' On CNBC's 'Final Trades'",2022-12-20 13:09:41+00:00
2 Big Year-To-Date Winners Set for More Gains in 2023,2022-12-21 10:52:00+00:00
Boeing (BA) Wins $2B Deal to Support F/A-18 & EA-18G Aircraft,2022-12-21 15:14:00+00:00
Lockheed (LMT) Wins $677M Deal to Support Combat Helicopters,2022-12-21 15:24:00+00:00
"If I Could Only Buy 3 Stocks in 2023, I'd Pick These",2022-12-22 10:50:00+00:00
Why Air Travel Stocks Are Falling Today,2022-12-22 21:06:00+00:00
EXCLUSIVE: The Benzinga Moneymaker Series — 5 Emerging Stocks For Investors To Watch,2022-12-22 22:10:46+00:00
Boeing (BA) Wins $118M Deal to Support F/A-18 E/F & EA-18G Jets,2022-12-23 13:24:00+00:00
"401(k) changes in, cannabis banking out: Here are the details of the big year-end spending package passed by Congress",2022-12-23 19:17:00+00:00
SpaceX Enlists in the U.S. Space Force,2022-12-24 11:47:00+00:00
Why the Artemis I Mission Could Be a Colossal Opportunity for Growth Investors,2022-12-26 14:09:00+00:00
"Beat the Market the Zacks Way: Boeing, General Electric, AmerisourceBergen, Kimberly-Clark in Focus",2022-12-27 12:05:00+00:00
Should You Invest in the Invesco S&P 500 Equal Weight Industrials ETF (RGI)?,2022-12-28 11:20:07+00:00
3 Signs a Bull Market Could Be On Its Way in 2023,2022-12-28 13:04:00+00:00
Is Boeing (BA) a Buy as Wall Street Analysts Look Optimistic?,2022-12-28 14:30:07+00:00
Boeing (BA) Stock Moves -0.54%: What You Should Know,2022-12-28 22:45:20+00:00
3 Bullish Setups Heading into the New Year,2022-12-29 15:44:00+00:00
"American Water Works, AmerisourceBergen, Danaher And This Aircraft Manufacturing Giant Are CNBC's 'Final Trades'",2022-12-29 15:58:23+00:00
10 Highest-Yielding Dow Jones Stocks Heading Into 2023,2022-12-30 00:10:11+00:00
"Zacks Investment Ideas feature highlights: Wheaton Precious Metals, iShares U.S. Aerospace & Defense ETF and Boeing",2022-12-30 10:00:00+00:00
Boeing (BA) Wins $497M Deal to Support CH-47 Helicopter,2022-12-30 12:04:00+00:00
Lockheed (LMT) Wins Contract to Modify MH-60R Jet for Australia,2022-12-30 13:07:00+00:00
Why Investors Need to Take Advantage of These 2 Aerospace Stocks Now,2022-12-30 13:50:08+00:00
Morgan Stanley Remains Positive On Aerospace & Defense Stocks Going Into 2023,2022-12-30 16:55:59+00:00
"11 predictions for money, technology, stocks and crypto for 2023",2022-12-30 20:57:00+00:00
5 Unstoppable Stocks to Buy for 2023,2023-01-02 15:17:00+00:00
Where Will Boeing Be in 3 Years?,2023-01-02 22:45:00+00:00
Boeing (BA) Wins Contract to Support B-1 & B-52 Aircraft,2023-01-04 13:14:00+00:00
Could the Dow Jones Keep Outperforming the Nasdaq Composite in 2023?,2023-01-04 13:20:00+00:00
Boeing Stock Explodes,2023-01-04 23:22:21+00:00
4 Sell Signals That Tell You When a CEF Is Headed for a Fall,2023-01-05 09:33:00+00:00
Boeing (BA) Gains As Market Dips: What You Should Know,2023-01-05 22:45:18+00:00
Raytheon (RTX) Wins $209M Deal for Naval Strike Missile,2023-01-06 12:35:00+00:00
"On anniversary of the Capitol attack, companies face new pressures to disclose political spending ",2023-01-06 19:38:00+00:00
Big Banks To Kick Off Q4 Earnings Season Amid Expectations For First S&P 500 Profit Decline In More Than 2 Years,2023-01-08 22:00:11+00:00
Should You Invest in the SPDR S&P Aerospace & Defense ETF (XAR)?,2023-01-09 11:20:09+00:00
"Take the Zacks Approach to Beat the Market: Boeing, Halliburton, Starbucks in Focus",2023-01-09 12:19:00+00:00
"Virgin Orbit stock plunges as historic U.K. space launch suffers 'anomaly,' fails to reach orbit",2023-01-10 02:09:00+00:00
Investors Heavily Search The Boeing Company (BA): Here is What You Need to Know,2023-01-10 14:00:13+00:00
What's Going On With Boeing Stock Today?,2023-01-10 14:18:25+00:00
"Benzinga's Top Ratings Upgrades, Downgrades For January 10, 2023",2023-01-10 15:01:12+00:00
What 9 Analyst Ratings Have To Say About Boeing,2023-01-10 20:00:59+00:00
Boeing: Challenged By Debt And High Interest Rates,2023-01-11 09:08:07+00:00
Alibaba To Rally Around 23%? Here Are 10 Other Analyst Forecasts For Wednesday,2023-01-11 13:15:07+00:00
"Boeing’s stock is ‘approaching cruising altitude’ and ‘leaving a catalyst-rich period behind,’ Morgan Stanley says in downgrade",2023-01-11 13:19:00+00:00
Northrop (NOC) Secures Navy Deal to Aid E-2D Hawkeye Aircraft,2023-01-11 13:49:00+00:00
"FAA Technology Glitch Hits US Flights Operations, Coca-Cola & PepsiCo Under FTC Probe, Rivian's Executive Departures: Today's Top Stories",2023-01-11 14:23:13+00:00
Q4 Earnings Season Predictions: Biggest Winners and Losers,2023-01-11 17:58:00+00:00
JP Morgan Thinks Boeing Is Riding The Momentum,2023-01-11 19:56:56+00:00
Boeing (BA) Gains But Lags Market: What You Should Know,2023-01-11 22:45:20+00:00
Why a Bull Market Could Be Coming for Industrial Stocks in 2023,2023-01-12 11:47:00+00:00
"Boeing's Delivery Tally Falls Short Of Airbus, Yet Analyst Creates Bullish Pitch For Stock",2023-01-12 15:54:11+00:00
"Boeing stock lands upgrade at Credit Suisse, but falls short of 'buy'",2023-01-12 17:04:00+00:00
Northrop (NOC) Wins $464M Deal to Aid BACN E-11A Jet Program,2023-01-12 17:24:00+00:00
Bell-Boeing Secures Contract to Support V-22 Aircraft Program,2023-01-13 15:51:00+00:00
Wall Street Breakfast: What Moved Markets,2023-01-14 13:19:01+00:00
General Electric Stock: The Sum of All Parts Strategy Is Paying Off,2023-01-16 10:23:00+00:00
"The Zacks Analyst Blog Highlights The Boeing Company, Textron, Lockheed and Northrop  Grumman",2023-01-16 13:27:00+00:00
Is Big Tech Overshadowing the Stock Market Rebound?,2023-01-17 05:40:00+00:00
2 Dow Stocks to Buy Hand Over Fist in 2023 and 1 to Avoid Like the Plague,2023-01-17 10:06:00+00:00
Boeing (BA) Gains on 53.5% Surge in Commercial Shipments,2023-01-17 13:39:00+00:00
"Recession or not, Wall Street still expects inflation to produce record profit margins, with more on the way",2023-01-17 18:10:00+00:00
Wall Street Is Wrong About Boeing Stock; It Could Soar in 2023,2023-01-18 10:20:00+00:00
Should You Invest in the iShares U.S. Aerospace & Defense ETF (ITA)?,2023-01-18 11:20:10+00:00
Jim Cramer Says This Stock Up 23% In A Month Is 'A Great Speculative Buy',2023-01-18 13:32:57+00:00
6 Reasons Airlines Can Take Flight in 2023,2023-01-18 14:30:00+00:00
Boeing (BA) Earnings Expected to Grow: Should You Buy?,2023-01-18 15:00:46+00:00
Boeing bets on experimental jetliner flight in 2028,2023-01-18 19:13:00+00:00
Boeing (BA) Stock Moves -0.95%: What You Should Know,2023-01-18 22:45:19+00:00
Where Will Raytheon Technologies Be in 3 Years?,2023-01-19 10:05:00+00:00
"Zacks Investment Ideas feature highlights: United Airlines, Delta Airlines, Southwest Airlines, JETS and Boeing",2023-01-19 12:36:00+00:00
Will Robust Aftermarket Service Aid Boeing (BA) in Q4 Earnings?,2023-01-19 13:11:00+00:00
"Cramer Says Tesla, Amazon Beatdowns Obscuring Bull Market In Other Places: Tech Track 'Can't Seem To Find Its Footing'",2023-01-20 08:38:14+00:00
'Overbought and overpriced.' Why this investor sees a bubble popping for this popular group of stocks,2023-01-20 12:21:00+00:00
Rising Commercial Deliveries Aid Boeing (BA) in Q4 Earnings?,2023-01-20 14:29:00+00:00
"S&P 500, Dow score best day in 2 weeks, Nasdaq erases weekly loss as Netflix, Alphabet jump",2023-01-20 21:48:00+00:00
Boeing's Exceptional Start to 2023 Waves a Green Flag at Investors,2023-01-20 22:21:00+00:00
1 Growth Stock Down 80% to Buy Right Now,2023-01-20 22:22:00+00:00
"1 Stock to Buy, 1 Stock to Dump This Week: Visa, Intel",2023-01-22 13:16:00+00:00
Should You Invest in the Invesco Aerospace & Defense ETF (PPA)?,2023-01-23 11:20:05+00:00
"Beat the Market Like Zacks: Boeing, Starbucks, Syndax Pharma in Focus",2023-01-23 12:40:00+00:00
Higher Defense Deliveries to Aid Boeing (BA) in Q4 Earnings,2023-01-23 12:48:00+00:00
"Spotify To Downsize Employee Count, Activist Investor Elliott Invests Multibillion Dollars In Salesforce, Abbott Draws DOJ Investigation On Baby Formula Plant Shutdown: Today's Top Stories",2023-01-23 13:25:07+00:00
"Don't let the 'bear market house of mirrors' fool you, Morgan Stanley's Mike Wilson warns of the stock market",2023-01-23 15:48:00+00:00
"Top Analyst Reports for AstraZeneca, NextEra Energy & Boeing Company",2023-01-23 18:56:00+00:00
10-year Treasury yield ticks up to 3.5% as Fed goes quiet,2023-01-23 20:56:00+00:00
Airbus Wants Some of Lockheed's 160 Million Space Dollars,2023-01-24 12:07:00+00:00
Lockheed Martin (LMT) Q4 Earnings and Revenues Top Estimates,2023-01-24 13:55:03+00:00
"The Zacks Analyst Blog Highlights AstraZeneca, NextEra Energy, The Boeing, The PNC Financial Services Group and Centene",2023-01-24 14:18:00+00:00
"Lockheed (LMT) Q4 Earnings Top Estimates, Sales Rise Y/Y",2023-01-24 15:31:00+00:00
"GE Stock Struggles To Find Direction Following Q4 Results, But CEO Larry Culp Says 'The Stage Is Set'",2023-01-24 23:19:44+00:00
Investor Optimism Declines Following Earnings Reports,2023-01-25 08:01:47+00:00
"Tesla, Boeing And 3 Stocks To Watch Heading Into Wednesday",2023-01-25 09:05:17+00:00
Nasdaq Futures Slump As Microsoft's Outlook Dampens Tech Recovery Hopes — Analyst Warns Of More Bumpiness By Mid-February,2023-01-25 11:20:39+00:00
Why U.S. oil companies may be tempted to purchase European rivals on the cheap,2023-01-25 12:58:00+00:00
"Boeing (BA) Reports Q4 Loss, Tops Revenue Estimates",2023-01-25 13:45:06+00:00
Boeing stock falls as loss widens,2023-01-25 14:52:00+00:00
Will Earnings Disappointments Stop the Stock Market Rally?,2023-01-25 15:02:00+00:00
Better Buy: Boeing or Delta Air Lines?,2023-01-25 15:13:00+00:00
Pre-Markets Sink on Quarterly Earnings Ruminations,2023-01-25 15:26:00+00:00
Boeing (BA) Reports Q4 Earnings: What Key Metrics Have to Say,2023-01-25 15:34:00+00:00
Pre-Markets Edge Lower With Q4 Earnings Underway,2023-01-25 15:52:00+00:00
"Boeing's (BA) Q4 Earnings Miss Estimates, Revenues Beat",2023-01-25 16:26:00+00:00
"After United Airlines win, Boeing is involved in ‘more big orders,’ CEO says",2023-01-25 20:03:00+00:00
"Dow ekes out gain, but Nasdaq and S&P 500 end lower after Microsoft's disappointing outlook fuels recession fears",2023-01-25 21:50:00+00:00
Boeing (BA) Q4 2022 Earnings Call Transcript,2023-01-25 23:30:27+00:00
"Supply-chain issues will weigh on Airbus and Boeing deliveries this year. Rolls-Royce will benefit, says Deutsche Bank",2023-01-26 09:43:00+00:00
4 Set-It-and-Forget-It Stocks,2023-01-26 11:15:00+00:00
Boeing's Strength is Set to Continue Despite Q4 Loss,2023-01-26 13:35:00+00:00
"Southwest Airlines Saw Q4 Earnings Hit Due To December Flight Disruptions, Books $800M Charge",2023-01-26 14:07:29+00:00
"Q4 GDP +2.8%, Jobless Claims Down to +186K & More",2023-01-26 15:38:00+00:00
Q4 GDP Higher Than Expected,2023-01-26 15:59:00+00:00
Why Shares of Hexcel Soared This Week,2023-01-26 22:37:05+00:00
Investing in Airplane Stocks: What You Need to Know,2023-01-27 12:15:00+00:00
Lockheed (LMT) Wins $657M Deal for UH-60M Aircraft,2023-01-27 12:35:00+00:00
Analyst Expectations for Boeing's Future,2023-01-27 19:00:44+00:00
Wall Street Breakfast Podcast: China's Baidu To Release ChatGPT-Like Bot - Report,2023-01-30 12:06:55+00:00
The Boeing Company (BA) Is a Trending Stock: Facts to Know Before Betting on It,2023-01-31 14:00:14+00:00
Boeing (BA) Wins Army Contract to Configure CH-47F Helicopter,2023-02-01 14:34:00+00:00
"Allegiant Travel Stock Takes Off On Strong Q4 Earnings, Boeing Planes To Be Delivered In 2023",2023-02-01 22:45:17+00:00
Bear Market Buy: Why Boeing Stock Looks Attractive,2023-02-02 10:03:00+00:00
Why Boeing Was Flying High in January,2023-02-02 20:13:06+00:00
"Benzinga's Top Ratings Upgrades, Downgrades For February 3, 2023",2023-02-03 15:00:42+00:00
Meta and Zuckerberg changed the Facebook narrative this week,2023-02-03 16:55:00+00:00
Boeing stock downgraded on ‘worse-than-expected’ supply-chain problems,2023-02-03 17:43:00+00:00
"Boeing's Supply Chain Headwinds Cloud Near-Term Prospects, Analyst Says While Downgrading Stock",2023-02-03 17:58:43+00:00
3 Cathie Wood Investments That Could Deliver Superior Returns,2023-02-03 22:31:00+00:00
A Bull Market Is Coming: 3 Reasons to Buy Raytheon Stock,2023-02-04 10:44:00+00:00
2 Blue Chip Stocks That Are Screaming Buys in February,2023-02-07 10:30:00+00:00
Boeing (BA) Wins $24.5M Contract to Support MQ-25 Production,2023-02-07 11:46:00+00:00
Wall Street Breakfast Podcast: AI Frenzy,2023-02-07 12:26:02+00:00
The stock market is a 'drunken psycho.' Why this hedge-fund manager is shorting some of the market's biggest stocks.,2023-02-07 14:24:00+00:00
"EXCLUSIVE: Risk Appetite On The Rise, TD Ameritrade's IMX Climbs 3.36%",2023-02-07 17:48:17+00:00
Moral Rating Agency slams several U.S. companies over alleged Russia and Ukraine ‘double standards’,2023-02-08 18:52:00+00:00
Here's the Best Blue Chip Stock to Buy for Passive Income,2023-02-09 11:02:00+00:00
"Top Analyst Reports for Abbott Laboratories, Boeing & Diageo",2023-02-09 16:29:00+00:00
"The Zacks Analyst Blog Highlights Abbott Laboratories, Boeing, Diageo, Lam Research and Freeport-McMoRan",2023-02-10 09:31:00+00:00
Bull of the Day: Copa Holdings (CPA),2023-02-13 09:00:00+00:00
Is Invesco S&P 500 Equal Weight Industrials ETF (RGI) a Strong ETF Right Now?,2023-02-13 11:20:06+00:00
This High-Flying Stock Could Be a Genius Buy Right Now,2023-02-13 12:07:00+00:00
"Beat the Market Like Zacks: NVIDIA, Boeing, Rockwell Medical in Focus",2023-02-13 12:48:00+00:00
Wall Street Breakfast Podcast: January Consumer Price Index,2023-02-14 12:06:54+00:00
The Boeing Company (BA) is Attracting Investor Attention: Here is What You Should Know,2023-02-15 14:00:10+00:00
3 Hot Growth Stocks That Recently Beat Wall Street's Expectations,2023-02-16 11:31:00+00:00
Boeing's Future Depends on These 3 Things,2023-02-17 14:45:00+00:00
Boeing Might Build a Flying Boat. Is This a Reason to Buy Its Stock?,2023-02-19 12:30:00+00:00
"Up 31% over the past year, these overlooked stocks are just getting started, says strategist",2023-02-22 15:29:00+00:00
"BAE Systems profit and sales fall short of forecasts, as costs rise",2023-02-23 07:42:00+00:00
Boeing's Cautious Approach Could Pay Off,2023-02-23 10:02:00+00:00
Boeing has halted deliveries of 787 Dreamliner over documentation issue,2023-02-23 21:24:00+00:00
Boeing Stock Is Nosediving After Hours: What's Going On?,2023-02-23 22:02:51+00:00
US Stocks Stare At More Losses In a Lackluster Week: Can Inflation Data Salvage Year's Rally?,2023-02-24 11:10:53+00:00
Boeing (BA) Down 2.2% Since Last Earnings Report: Can It Rebound?,2023-02-24 16:30:47+00:00
Defense-industry stocks got a boost after Russia's invasion of Ukraine 1 year ago. The arms race is just getting started.,2023-02-24 18:47:00+00:00
"Boeing, Adobe and Autodesk stocks sink, Beyond Meat's soars, and other stocks on the move",2023-02-24 19:21:00+00:00
Why Boeing Stock Is Down Today,2023-02-24 20:00:25+00:00
Boeing Analysts Recommend Caution Following Latest 787 Production Problems,2023-02-24 20:19:53+00:00
‘Ukraine is open for business’: Western companies urged to be part of country’s recovery,2023-02-24 20:59:00+00:00
S&P 500 Logs Weekly Loss As Investors Digest Latest Inflation Data,2023-02-24 21:01:31+00:00
"U.S. stocks end sharply lower, Dow suffers fourth straight weekly fall after Fed’s favorite inflation gauge runs hotter than expected",2023-02-24 21:40:00+00:00
Investor Optimism Declines Following Inflation Report,2023-02-27 07:56:09+00:00
Should You Invest in the Invesco S&P 500 Equal Weight Industrials ETF (RGI)?,2023-02-27 11:20:06+00:00
"Company News for Feb 27, 2023",2023-02-27 14:32:00+00:00
"Durable-goods orders sink 4.5% — but it's all Boeing. Overall, report is strong.",2023-02-27 14:35:00+00:00
The bullish case for large-cap growth stocks: Strategist says buy the dips in these big names,2023-02-28 15:09:00+00:00
‘Curious’ outflows from broad industrial ETFs seen as ‘contrarian bullish’ as aerospace and defense funds attract investors,2023-02-28 17:39:00+00:00
Boeing (BA) Wins Navy Contract to Support P-8A Aircraft,2023-03-01 12:50:00+00:00
"Just How Big, Really, Is the ""Biggest Airplane Sale in History""?",2023-03-01 13:51:00+00:00
Is Trending Stock The Boeing Company (BA) a Buy Now?,2023-03-01 14:00:14+00:00
Boeing Isn't Quite the Company You Think It Is,2023-03-01 14:25:00+00:00
Lockheed (LMT) Wins Contract to Support CH-53K Helicopter,2023-03-02 10:31:00+00:00
Northrop (NOC) Wins a Navy Contract for E-2D Hawkeye Aircraft,2023-03-03 12:02:00+00:00
AI programs like ChatGPT are going to serve us -- and that's the scary part,2023-03-04 14:37:00+00:00
Boeing (BA) Wins $71M Deal to Support F/A-18E/F Super Hornet,2023-03-06 13:17:00+00:00
Breaking Down 3 Airline Segments (Avoid 1),2023-03-06 14:57:00+00:00
U.S. factory orders drop 1.6% on falloff in Boeing contracts  ,2023-03-06 15:27:00+00:00
Is Commercial Aviation Ready to Make a Landing in Investors’ Portfolios?,2023-03-06 19:51:00+00:00
Boeing (BA) Stock Sinks As Market Gains: What You Should Know,2023-03-06 22:45:21+00:00
"Company News for Mar 7, 2023",2023-03-07 14:35:00+00:00
These stocks fared the worst as Powell pushed the market down Tuesday,2023-03-07 21:59:00+00:00
Wall Street Breakfast Podcast: Credit Suisse Delays Annual Report,2023-03-09 12:03:45+00:00
"Boeing Prepares to Retire the F-18, and the Revenue Hit Could Be Significant",2023-03-11 12:07:00+00:00
Help Wanted: SpaceX and ULA Need Not Apply,2023-03-12 11:07:00+00:00
"1 Stock to Buy, 1 Stock to Sell This Week: Boeing, Roku",2023-03-12 13:04:00+00:00
"Biden Rejects Trump's Air Force One Color Scheme, Ordering These Hues Instead",2023-03-12 20:14:16+00:00
Boeing JV Targets 3 Vulcan Launches in 2023. What Investors Should Know,2023-03-13 11:07:00+00:00
Better Buy: Boeing vs. Raytheon Technologies,2023-03-13 11:50:00+00:00
Lockheed Martin (LMT) Wins $164.3M Contract for UH-60M Aircraft,2023-03-13 16:34:00+00:00
"Embraer (ERJ) Q4 Earnings Lag Estimates, Revenues Rise Y/Y",2023-03-13 16:35:00+00:00
Boeing (BA) Gains As Market Dips: What You Should Know,2023-03-13 21:45:19+00:00
Wall Street Breakfast Podcast: Report: Another Auction Of SVB,2023-03-14 11:26:59+00:00
"First Republic leads big rally in regional banks, while United Airlines dips on profit warning",2023-03-14 16:35:00+00:00
Why Boeing Stock Is Up Today,2023-03-14 17:34:04+00:00
"Dow ends over 300 points higher, snap 5-day losing streak as bank stocks rebound and inflation cools",2023-03-14 19:32:00+00:00
Here is What to Know Beyond Why The Boeing Company (BA) is a Trending Stock,2023-03-15 13:00:12+00:00
Boeing (BA) Inks Order for 787-9 Dreamliners From Riyadh Air,2023-03-15 17:22:00+00:00
Boeing Continues to Win Big Orders: Time to Buy the Stock?,2023-03-15 18:11:00+00:00
Boeing (BA) Wins Contract for MH-47G Rotary Wing Aircraft,2023-03-16 15:13:00+00:00
"Elon Musk's SpaceX, Netflix, Boeing To Embark On 'Biggest Business Mission' To Vietnam",2023-03-17 05:43:28+00:00
"Adobe, Boeing, Rockwell Automation And More On CNBC's 'Final Trades'",2023-03-17 12:36:53+00:00
"Should Boeing Buy Lockheed Out of United Launch Alliance, or Vice Versa?",2023-03-19 11:07:00+00:00
Boeing (BA) Wins $1.95B Contract for Apache AH-64E Production,2023-03-20 13:03:00+00:00
1 Number Shows Why Boeing Stock Is Struggling to Gain Altitude,2023-03-21 02:54:32+00:00
Boeing (BA) Stock Sinks As Market Gains: What You Should Know,2023-03-21 21:45:21+00:00
Technology stocks like Microsoft and Apple are outperforming the S&P 500 by the widest margin in years,2023-03-22 10:46:00+00:00
Northrop (NOC) Wins $50M Deal to Support E-2D Hawkeye Aircraft,2023-03-22 12:08:00+00:00
NVIDIA To Rally Over 22%? Here Are 10 Other Analyst Forecasts For Wednesday,2023-03-22 12:24:49+00:00
What 9 Analyst Ratings Have To Say About Boeing,2023-03-22 13:00:25+00:00
"AAR Corp. (AIR) Q3 Earnings Surpass Estimates, Sales Rise Y/Y",2023-03-23 10:43:00+00:00
United Launch Alliance Is For Sale: How Much Is It Worth?,2023-03-23 11:07:00+00:00
Here's the Big Mystery About Boeing's Second-Biggest Business,2023-03-24 09:21:00+00:00
Should You Invest in the iShares U.S. Aerospace & Defense ETF (ITA)?,2023-03-24 10:20:07+00:00
Wall Street Breakfast Podcast: Yellen: U.S Prepared To Take More Actions,2023-03-24 11:15:47+00:00
Lockheed (LMT) Wins Deal to Offer Training for F-16 Jets,2023-03-24 13:17:00+00:00
Northrop's Space Business Is About to Get $2 Billion Bigger,2023-03-25 11:07:00+00:00
A small-cap fund guru explains why you need to invest in small companies: they're the stock market's undiscovered nuggets.,2023-03-25 13:41:00+00:00
How Much Are Space Stocks Worth?,2023-03-26 11:07:00+00:00
Why Boeing Stock Could Be a Risky Buy Right Now,2023-03-27 09:22:00+00:00
Should You Invest in the Invesco Aerospace & Defense ETF (PPA)?,2023-03-27 10:20:09+00:00
Delta passenger arrested for exiting the plane on the emergency slide just before LAX takeoff,2023-03-27 15:03:00+00:00
Boeing (BA) Outpaces Stock Market Gains: What You Should Know,2023-03-27 21:45:21+00:00
6 stocks recommended for an industry hitting a 'sweet spot',2023-03-28 11:13:00+00:00
AAR Corp. (AIR) Clinches an Agreement With Collins Aerospace,2023-03-28 13:05:00+00:00
Boeing (BA) Wins Deal to Support P-8A Production Aircraft,2023-03-28 14:13:00+00:00
Investors Heavily Search The Boeing Company (BA): Here is What You Need to Know,2023-03-29 13:00:13+00:00
Is Lockheed Martin Stock Getting Ready to Soar?,2023-04-03 11:48:00+00:00
"Adobe, AerCap Holdings, Accenture And This Aircraft Manufacturer On CNBC's 'Final Trades'",2023-04-03 12:41:01+00:00
"Benzinga's Top Ratings Upgrades, Downgrades For April 4, 2023",2023-04-04 15:00:40+00:00
Boeing (BA) Dips More Than Broader Markets: What You Should Know,2023-04-04 21:45:25+00:00
Virgin Galactic's Time to Shine Is Now,2023-04-05 10:45:00+00:00
"Weekly Jobless Claims Higher Than Expected, US Big Techs Face Difficulty Downsizing In Europe, Biden Admin Finalizes Rule To Crack Down Deceptive Medicare Advantage Advertising: Today's Top Stories",2023-04-06 13:45:00+00:00
These 2 Magnificent Stocks Keep Driving Higher,2023-04-09 09:13:00+00:00
Valero Energy To Rally 32%? Here Are 10 Other Analyst Forecasts For Monday,2023-04-10 12:32:13+00:00
Analyst Expectations for Boeing's Future,2023-04-10 15:00:47+00:00
Clear Skies Ahead for Boeing: Analyst Forecasts Upside as Improved Liquidation of 787 Inventory Looms,2023-04-10 17:51:26+00:00
Boeing (BA) Stock Sinks As Market Gains: What You Should Know,2023-04-10 21:50:19+00:00
Boeing (BA) Wins $96M Contract for F/A-18 Depot Option Program,2023-04-11 10:43:00+00:00
Boeing (BA) Gains From 36.8% Surge in Commercial Shipments,2023-04-12 12:29:00+00:00
My Dividend Stock Portfolio: New All-Time Dividend Record - 99 Holdings With 25 Buys,2023-04-12 14:00:00+00:00
"Top Research Reports for JPMorgan Chase, AbbVie & NextEra Energy",2023-04-12 17:21:00+00:00
The Fantastic 4: Blue Chip Stocks that Manipulated Their Share Prices Via Buybacks,2023-04-13 05:22:00+00:00
"The Zacks Analyst Blog Highlights JPMorgan Chase, AbbVie, NextEra Energy, The Boeing  and Canadian Natural Resources",2023-04-13 12:16:00+00:00
Apple To Rally Around 18%? Here Are 10 Other Analyst Forecasts For Thursday,2023-04-13 12:24:44+00:00
Boeing (BA) Wins $1.2B Deal to Supply Missiles & Spare Parts,2023-04-13 12:28:00+00:00
"Beware of these popular Dow heavyweights — expensive and loaded with debt, says this analyst",2023-04-13 12:43:00+00:00
Ukraine’s prime minister urges U.S. companies to join $411 billion reconstruction effort,2023-04-13 16:48:00+00:00
"Joe Biden Has A 'Doomsday' Plane: Here's What It Means, Where It Was Recently Spotted",2023-04-13 16:49:22+00:00
Boeing says manufacturing issue with supplier could snarl 737 Max production; stock falls,2023-04-13 22:35:00+00:00
"Tesla, Apple, Boeing, Lucid Group, Ocean Biomedical: Why These 5 Stocks Are Drawing Investors' Attention Today",2023-04-14 01:17:18+00:00
Did Jim Cramer Just Jinx Boeing With His 'Really Incredible' Comment?,2023-04-14 08:36:20+00:00
Should Invesco S&P 100 Equal Weight ETF (EQWL) Be on Your Investing Radar?,2023-04-14 10:20:03+00:00
"Boeing, Spirit AeroSystems And Other Big Stocks Moving Lower In Friday's Pre-Market Session",2023-04-14 10:35:58+00:00
Wall Street Breakfast Podcast: Bank Earnings On Tap,2023-04-14 11:11:01+00:00
Bank earnings season is here. This popular value fund just bought Kroger and a regional lender.,2023-04-14 12:33:00+00:00
"Big Bank's Big Q1 Performance, Florida Gov. Quietly Slips 6-Week Abortion Ban Into Law, Subway Sandwich Seeks $10B Sale: Today's Top Stories",2023-04-14 14:01:32+00:00
Why Boeing Stock Is Falling Today,2023-04-14 14:53:45+00:00
Boeing’s stock heads for three-week low as 737 Max jet faces new snag,2023-04-14 16:25:00+00:00
"Big bank stocks are on the move after earnings, while Boeing stock stumbles",2023-04-14 16:42:00+00:00
Why Teva Pharmaceutical Shares Are Trading Lower By 11%? Here Are Other Stocks Moving In Friday's Mid-Day Session,2023-04-14 17:02:37+00:00
Why Spirit AeroSystems Stock Is Down Today,2023-04-14 17:28:45+00:00
US Stocks Plunge As Consumer Inflation Expectations Run Wild; Treasury Yields Climb As Fed Signals More Work Is Needed,2023-04-14 17:54:00+00:00
"U.S. stocks close lower Friday, but Dow books longest weekly win streak since October after bank earnings, retail sales and Fed comments",2023-04-14 20:47:00+00:00
3 Hot Aerospace Stocks That Are Screaming Buys,2023-04-14 21:17:00+00:00
3 Dow Stocks You'll Wish You Bought Before They Go Through the Roof,2023-04-15 09:03:00+00:00
"‘Dangerous times’: These aerospace and defense, cybersecurity ETFs are on ‘verge of breakouts’",2023-04-15 15:21:00+00:00
Is Invesco S&P 500 Equal Weight Industrials ETF (RGI) a Strong ETF Right Now?,2023-04-17 10:20:08+00:00
Is Invesco S&P 100 Equal Weight ETF (EQWL) a Strong ETF Right Now?,2023-04-17 10:20:13+00:00
Boeing's 'Worst Enemy' Is Themselves: Analyst Breaks Down Latest 737 Max Problems,2023-04-17 19:16:42+00:00
Boeing (BA) Outpaces Stock Market Gains: What You Should Know,2023-04-17 21:50:19+00:00
"Boeing 737 Max manufacturing issue: ‘When you see one roach, there are likely more,’ analyst says",2023-04-18 12:38:00+00:00
"Lockheed's (LMT) Q1 Earnings Top Estimates, Sales Rise Y/Y",2023-04-18 15:40:00+00:00
Boeing (BA) May Report Negative Earnings: Know the Trend Ahead of Next Week's Release,2023-04-19 14:01:38+00:00
Will Abnormal 787 Costs Hurt Boeing (BA) in Q1 Earnings?,2023-04-20 13:11:00+00:00
Textron (TXT) Earnings Expected to Grow: What to Know Ahead of Next Week's Release,2023-04-20 14:02:49+00:00
Splunk and NIO have been highlighted as Zacks Bull and Bear of the Day,2023-04-21 10:55:00+00:00
P&G Outperforms in Fiscal Q3; Flash PMI Numbers Later,2023-04-21 14:32:00+00:00
Solid Commercial Deliveries to Aid Boeing (BA) in Q1 Earnings,2023-04-21 14:46:00+00:00
Earnings Data Deluge This Week,2023-04-21 14:58:00+00:00
Boeing (BA) Stock Sinks As Market Gains: What You Should Know,2023-04-21 21:45:23+00:00
"S&P 500 Earnings: More Inflation Data Due This Week, Along With Mega-Cap Tech Earnings",2023-04-22 04:01:00+00:00
"1 Stock to Buy, 1 Stock to Sell This Week: McDonald’s, Intel",2023-04-23 12:22:00+00:00
Boeing and Lockheed's Space Joint Venture Could Be a Massive Bargain Now,2023-04-24 09:27:00+00:00
"As Big Tech determines the course of Wall Street, here is why Amazon will hold the most sway",2023-04-24 11:01:00+00:00
Will Higher Defense Deliveries Aid Boeing (BA) in Q1 Earnings?,2023-04-24 13:37:00+00:00
"Even without an 'earnings apocalypse,' stocks still need to drop 15%, says strategist",2023-04-24 14:16:00+00:00
S&P 500: Signs of a New Bull Market Keep Mounting,2023-04-24 17:15:00+00:00
Wall Street Headlines and a Closer Look at the Business of Movies,2023-04-24 17:47:27+00:00
"Aerospace & Defense Stocks Q1 Earnings Due Apr 26: BA, GD & TDY",2023-04-25 13:59:00+00:00
SpaceX's Rocket Just Exploded. So What?,2023-04-25 14:51:00+00:00
"Raytheon Technologies' (RTX) Q1 Earnings Beat, Sales Up Y/Y",2023-04-25 16:59:00+00:00
Investor Sentiment Declines Further Amid Revived Concerns Over Banks,2023-04-26 07:03:26+00:00
"Microsoft, Boeing And 3 Stocks To Watch Heading Into Wednesday",2023-04-26 08:15:17+00:00
"Wall Street Breakfast Podcast: Big Tech: Alphabet, Microsoft",2023-04-26 11:13:31+00:00
Here are the times when buy-the-dip works — and Wednesday fits the criteria,2023-04-26 12:01:00+00:00
"Boeing (BA) Reports Q1 Loss, Tops Revenue Estimates",2023-04-26 12:45:07+00:00
These 2 Stocks Are Helping Microsoft Give the Dow a Lift,2023-04-26 13:25:46+00:00
Boeing (BA) Q1 Earnings: Taking a Look at Key Metrics Versus Estimates,2023-04-26 13:30:20+00:00
Trade Deficit Comes in Lesser Than Expected,2023-04-26 14:59:00+00:00
"Aircraft Skew Durable Goods, Boeing Mixed in Q1",2023-04-26 15:16:00+00:00
Boeing’s stock gets a boost from revenue and free-cash-flow beats and from production outlook,2023-04-26 15:17:00+00:00
"Boeing's (BA) Q1 Earnings Miss Estimates, Revenues Beat",2023-04-26 16:16:00+00:00
"US Stocks Rise, Aided By Tech Earnings, But The FRC Time Bomb Is Ticking: Analyst Says 'Sell In May' Was Wrong 9 Times In Past Decade",2023-04-26 18:03:00+00:00
Crude Oil Down 3%; Boeing Reports Better-Than-Expected Sales,2023-04-26 18:36:39+00:00
"Microsoft's stock rally buoys Amazon and Nvidia shares, Activision Blizzard stock tumbles, and other stocks on the move",2023-04-26 19:22:00+00:00
Dow ends down 220 points as First Republic worries overshadow upbeat Big Tech earnings,2023-04-26 20:29:00+00:00
The Fed Expects a Recession: 2 Dow Stocks to Buy Hand Over Fist and 1 to Avoid Like the Plague,2023-04-27 09:06:00+00:00
"Textron (TXT) Q1 Earnings Beat Estimates, Revenues Rise Y/Y",2023-04-27 13:04:00+00:00
"Meta's Q1 Gets a 'Like,' But Soft GDP, Incoming Jobs Data Could Change the Subject",2023-04-27 13:29:00+00:00
Debt Limit Bill Heads To Senate To Be Rejected,2023-04-27 13:33:02+00:00
"Stock Market News for Apr 27, 2023",2023-04-27 13:49:00+00:00
What 9 Analyst Ratings Have To Say About Boeing,2023-04-27 14:01:10+00:00
Is It Worth Investing in Boeing (BA) Based on Wall Street's Bullish Views?,2023-04-28 13:30:06+00:00
SpaceX Has a New Customer: Europe,2023-04-29 11:07:00+00:00
3 Growth Stocks That Could 10X Over the Next 10 Years,2023-04-30 09:15:00+00:00
Boeing Burns Cash and Loses Money. Here's Why Investors Are Still Buying.,2023-05-01 13:55:00+00:00
General Electric Continues to Silence the Doubters,2023-05-02 09:42:00+00:00
Boeing: Stock Outlook Negative - Covered Call Strategy,2023-05-07 04:49:41+00:00
Boeing Looks Set to Stumble Over the Finish Line,2023-05-08 09:10:00+00:00
"Spirit AeroSystems (SPR) Q1 Earnings Lag, Revenues Rise Y/Y",2023-05-08 11:30:00+00:00
Will Growing Air Travel Aid TransDigm's (TDG) Q2 Earnings?,2023-05-08 11:41:00+00:00
Is This Dark Horse Space Company the Next SpaceX?,2023-05-09 11:07:00+00:00
"TransDigm (TDG) Beats on Q2 Earnings, Ups '23 EPS View",2023-05-09 14:17:00+00:00
"Boeing Sells 150 Planes, UAA Beats but Lowers",2023-05-09 14:29:00+00:00
Wall Street Awaits Economic and Earnings Data,2023-05-09 14:56:00+00:00
"Novavax and Palantir rocket higher, while PayPal slumps and other stocks on the move",2023-05-09 18:05:00+00:00
"Virgin Galactic Earnings: A Return To Space, Orbit May Have A Buyer And More",2023-05-09 21:00:42+00:00
"Aerojet Rocketdyne (AJRD) Q1 Earnings Lag, Sales Rise Y/Y",2023-05-10 09:43:00+00:00
"Embraer (ERJ) Q1 Loss Wider Than Estimates, Revenues Rise Y/Y",2023-05-10 11:02:00+00:00
Air New Zealand will offer bunk beds for four-hour naps on its longest flights,2023-05-10 17:34:00+00:00
What Is the Fortune 100?,2023-05-11 20:26:58+00:00
"Top Analyst Reports for Visa, Pfizer & SAP",2023-05-15 20:15:00+00:00
"Embraer (ERJ), NetJets Ink Deal to Supply 250 Praetor 500 Jets",2023-05-16 12:32:00+00:00
"The Zacks Analyst Blog Highlights Visa, Pfizer, SAP SE, International Business Machines and The Boeing",2023-05-16 14:59:00+00:00
United Launch Alliance eyes first Vulcan rocket launch later this year,2023-05-16 22:02:00+00:00
Private Space Stations Are Coming in 2025,2023-05-20 11:07:00+00:00
Lockheed (LMT) Secures Air Force Contract to Support JASSM,2023-05-22 10:50:00+00:00
Boeing (BA) Secures Contract to Aid Military Jet Program,2023-05-22 11:21:00+00:00
Embraer (ERJ) to Supply 8 E2 Jets to Royal Jordanian Airlines,2023-05-22 12:04:00+00:00
Ryanair says ultralow airfares are going the way of the dodo,2023-05-22 14:24:00+00:00
Lockheed (LMT) Wins $751M Contract to Support Missile Program,2023-05-23 11:12:00+00:00
Textron (TXT) Launches Business Jet Cessna Citation Ascend,2023-05-23 12:15:00+00:00
Best Bonds to Invest In,2023-05-23 20:17:47+00:00
Lockheed (LMT) Secures $195M Deal to Support MK 41 VLS,2023-05-24 10:42:00+00:00
Should You Invest in the iShares U.S. Aerospace & Defense ETF (ITA)?,2023-05-25 10:20:09+00:00
2 Top Stocks Down 53% to Buy Right Now,2023-05-25 11:03:00+00:00
Why Is Boeing (BA) Down 2.5% Since Last Earnings Report?,2023-05-26 15:31:27+00:00
Airlines are bracing for a busy summer travel season — here's what to expect,2023-05-27 15:21:00+00:00
Should You Invest in the Invesco Aerospace & Defense ETF (PPA)?,2023-05-29 10:20:08+00:00
Embraer (ERJ) to Supply 10 E195-E2 Jets to Malaysia's SKS Airways,2023-05-29 12:40:00+00:00
Boeing (BA) Wins Contract to Support F/A-18E/F Jet program,2023-05-31 10:04:00+00:00
America and China are fighting to keep the other down. Both could get hurt.,2023-05-31 17:09:00+00:00
Boeing (BA) Outpaces Stock Market Gains: What You Should Know,2023-06-01 21:45:18+00:00
