title,published_utc
Dow Surges 2.3% as Boeing Begins Testing the 737 Max,2020-06-30 13:15:00+00:00
NASDAQ Starts Second Half with a New Closing High,2020-07-02 13:15:00+00:00
Tech Bounces Back to Begin Busy Week of Earnings,2020-07-28 14:15:00+00:00
"Dow, S&P Stretch Winning Streaks to 7 Days",2020-08-11 14:15:00+00:00
"Rally Stumbles, but Stocks Stay Positive for Another Week",2020-10-17 14:15:00+00:00
NASDAQ Moves Higher but the Market Remains Under Pressure,2020-10-28 14:15:00+00:00
Wall Street Breakfast: Coming Of Age?,2021-04-21 11:21:26+00:00
Solid Delivery Numbers to Boost Boeing's (BA) Q1 Earnings,2021-04-23 12:15:00+00:00
What Awaits Raytheon Technologies (RTX) in Q1 Earnings?,2021-04-23 12:22:00+00:00
What Awaits Teledyne Technologies (TDY) in Q1 Earnings?,2021-04-23 13:09:00+00:00
Better Buy: Boeing vs. Airbus,2021-04-23 15:13:00+00:00
"Fresh Off Moon Lander Victory, SpaceX Launches 4 More Astronauts Into Orbit",2021-04-23 15:22:39+00:00
Apple Leads The Market Rebound. Here's Why.,2021-04-23 20:34:00+00:00
Why Is Lockheed Hiring an Unknown Company to Launch 26 Rockets?,2021-04-24 10:53:00+00:00
"Stocks To Watch: Apple, Tesla And Microsoft Lead Huge Earnings Week",2021-04-24 13:34:19+00:00
Wall Street Breakfast: The Week Ahead,2021-04-25 11:01:58+00:00
Wall Street Breakfast: Tesla Time,2021-04-26 11:12:24+00:00
Earnings Watch: Tesla and Big Tech are about to rev up the busiest week of earnings season,2021-04-26 12:06:00+00:00
777X Related Charges to Hurt Boeing (BA) in Q1 Earnings,2021-04-26 12:26:00+00:00
Markets Await More Earnings Data,2021-04-26 13:54:00+00:00
"Earnings And Expected Moves: Tesla, Apple, Amazon, Microsoft, Facebook, Shopify, Boeing, Twitter, NIO And More",2021-04-26 14:25:07+00:00
"Marquee Names Report Q1 Earnings This Week: TSLA, MSFT, AAPL & More",2021-04-26 14:26:00+00:00
"Economic Report: U.S. durable-goods orders rebound in March, but chip shortages gum up the works",2021-04-26 15:21:00+00:00
Will Segmental Performance Aid General Dynamics (GD) Q1 Earnings?,2021-04-26 15:24:00+00:00
Will Margin Growth Boost Textron's (TXT) Earnings in Q1?,2021-04-26 15:25:00+00:00
"Big Tech Breakdown: Buy Microsoft, Apple & Amazon Stock Before Earnings?",2021-04-26 20:33:00+00:00
Is a Surprise Coming for Boeing (BA) This Earnings Season?,2021-04-27 12:44:00+00:00
"Aerospace Stocks' Q1 Earnings Due on Apr 28: BA, GD & TDY",2021-04-27 12:49:00+00:00
Solid Defense Deliveries to Aid Boeing's (BA) Q1 Earnings,2021-04-27 14:19:00+00:00
Northrop Grumman (NOC) to Report Q1 Earnings: What's in Store?,2021-04-27 16:35:00+00:00
"8 Stocks To Watch For April 28, 2021",2021-04-28 08:37:42+00:00
"A Peek Into The Markets: US Stock Futures Mostly Lower Ahead Of Earnings, Fed Decision",2021-04-28 10:08:11+00:00
Wall Street Breakfast: Fed Watching,2021-04-28 11:24:09+00:00
"Boeing (BA) Reports Q1 Loss, Tops Revenue Estimates",2021-04-28 12:45:10+00:00
"Boeing's (BA) Q1 Earnings Lag Estimates, Revenues Beat",2021-04-28 13:36:00+00:00
Markets Await More Earnings Data,2021-04-28 13:52:00+00:00
Boeing Burned Through $40 Million a Day in the First Quarter,2021-04-28 13:56:19+00:00
Stocks Pause as Big Tech Bonanza Begins,2021-04-28 14:15:00+00:00
"More Slack in Market: Boeing Mixed, Apple Tonight",2021-04-28 14:24:00+00:00
3 key takeaways from Boeing’s Q1 earnings report,2021-04-28 15:23:00+00:00
Boeing (BA) Q1 2021 Earnings Call Transcript,2021-04-28 18:01:15+00:00
"Market Snapshot: U.S. stocks end lower, despite Powell vow to keep Fed policy supportive for some time",2021-04-28 20:27:00+00:00
Wall Street Breakfast: Prime Time,2021-04-29 11:16:24+00:00
"Defense Stock Roundup: LMT, HXL, RTX  Beat on Q1 Earnings, BA Misses",2021-04-29 12:27:00+00:00
"20 Picks From The 2021 CNBC 'Stock Draft': Bitcoin, Amazon, Ark Lead The Way",2021-04-29 22:11:42+00:00
Wall Street Breakfast: The Magic Returns,2021-04-30 11:13:26+00:00
Boeing: I Was Wrong,2021-04-30 13:00:00+00:00
3 Companies That Will Thrive Long Term,2021-05-01 11:00:00+00:00
Boeing Stumbles Again With Weak Q1 Earnings,2021-05-01 13:40:00+00:00
"April Market Wrap: Solid Monthly Performance, But 6 Risks Remain In Play",2021-05-03 12:09:00+00:00
What's in Store for Spirit AeroSystems' (SPR) Q1 Earnings?,2021-05-03 16:59:00+00:00
Better Buy: Boeing or All 30 Dow Jones Stocks?,2021-05-04 01:10:00+00:00
Wall Street Breakfast: Value Over Growth,2021-05-04 11:13:24+00:00
Boeing to Sell 5 Additional Dreamliners to Lufthansa,2021-05-04 13:20:04+00:00
Is It Time to Buy the Dow Jones Industrials Average's 3 Worst-Performing Stocks of April?,2021-05-05 02:07:00+00:00
"Market Snapshot: Dow books 22nd record close of 2021, but tech stocks slip for 4th day",2021-05-05 20:34:00+00:00
Disney And Boeing Fall In A Mixed Day For The Markets,2021-05-05 20:42:53+00:00
Boeing (BA) Stock Sinks As Market Gains: What You Should Know,2021-05-05 21:45:19+00:00
3 High-Yield Dividend Stocks For Fixed-Income Growth,2021-05-06 06:50:00+00:00
Has The Boeing (BA) Outpaced Other Aerospace Stocks This Year?,2021-05-06 15:30:10+00:00
Nike And Disney Lead The Dow Jones Higher To Close The Week,2021-05-07 21:00:47+00:00
Air Force Skyborg AI Takes Flight With a Kratos Drone,2021-05-10 11:31:00+00:00
"Stock Market News for May 10, 2021",2021-05-10 13:38:00+00:00
"These 2 Winners Shot the Stock Market Through Dow 35,000",2021-05-10 15:23:10+00:00
Boeing Options Traders Bet Travel Is The Next Bull Market,2021-05-10 18:20:10+00:00
Airbus Logs Solid April Performance,2021-05-11 13:50:00+00:00
Wall Street Breakfast: Dogefather Dings Bitcoin,2021-05-13 11:18:30+00:00
"General Electric, Raytheon Technologies, and the $7 Billion Race",2021-05-13 13:03:00+00:00
"Jim Cramer talks about Alibaba, Boeing, and Ark Innovation",2021-05-13 19:00:16+00:00
Market Snapshot: Dow closes up 400 points to snap 3-day losing streak as investors digest jobs and inflation data,2021-05-13 20:51:00+00:00
Boeing Options Traders See Higher Prices Ahead,2021-05-13 22:24:23+00:00
Alaska Air (ALK) Arm Aims to Grow Fleet As Travel Demand Rises,2021-05-14 13:30:00+00:00
Will Aerospace & Defense ETFs Shine Post Q1 Earnings?,2021-05-14 20:00:00+00:00
Alaska Airlines Orders More Boeing 737 MAX and Embraer Jets,2021-05-15 13:05:00+00:00
I'm Skeptical of Boeing's New Jet Plan. Here's Why.,2021-05-16 14:45:00+00:00
"Israel, Palestine Conflict Escalates: Defense Stocks to Gain",2021-05-17 13:54:00+00:00
"Ryanair posts biggest annual loss in its 35-year history, but airline sees recovery ahead",2021-05-17 19:58:00+00:00
"The Zacks Analyst Blog Highlights: Lockheed Martin, Boeing and Raytheon Technologies",2021-05-18 12:10:00+00:00
Wall Street Breakfast: Retail Earnings Parade,2021-05-19 11:05:53+00:00
Defense Stocks in Focus as U.S. Sanctions Arms Sale to Israel,2021-05-19 12:37:00+00:00
Boeing Is Delivering 737 MAX Planes Again,2021-05-19 21:04:00+00:00
Northrop (NOC) Wins $76M Deal to Upgrade Global Hawk Program,2021-05-20 15:35:00+00:00
Boeing Reportedly Weighs 737 MAX Production Hike,2021-05-21 15:23:32+00:00
"Apple overtakes Amazon to become world’s most valuable brand, while Tesla is the fastest-growing",2021-05-22 12:53:00+00:00
Boeing's Latest 737 MAX Crisis Eases,2021-05-23 13:08:00+00:00
"Stock Market News for May 24, 2021",2021-05-24 12:32:00+00:00
"Inflation Or Deflation, Crypto Boom Or Bust?",2021-05-24 15:29:01+00:00
"Top Stock Reports for Walmart, PayPal & Comcast",2021-05-24 16:30:00+00:00
One of Boeing's Most Important Customers Voices New Concerns About Planned 777X,2021-05-24 19:28:14+00:00
Options Traders See Higher Altitudes Ahead For Boeing's Stock,2021-05-24 22:12:00+00:00
"The Zacks Analyst Blog Highlights: Walmart, PayPal, Comcast, Boeing and Target",2021-05-25 10:54:00+00:00
Stocks Drop; The Next Leg Lower May Have Begun,2021-05-26 05:14:00+00:00
Boeing (BA) Wins $24M Deal to Support P-8A Aircraft Program,2021-05-26 13:15:00+00:00
Better Buy: Boeing vs. Caterpillar,2021-05-27 13:43:00+00:00
"U.S. durable-goods orders fall in April for the first time in a year, but it’s actually not bad news",2021-05-27 13:54:00+00:00
U.S. investors are pouring money into European stock funds,2021-05-27 13:59:00+00:00
Why General Electric Stock Just Jumped,2021-05-27 16:33:31+00:00
Why Boeing Stock Is Up Today,2021-05-27 17:14:00+00:00
Russell 2000 small-cap index aims for the longest monthly win streak since 1995,2021-05-27 19:35:00+00:00
Airbus ramps up A320 jet production as aerospace giant signals recovery,2021-05-27 19:56:00+00:00
Wall Street Breakfast: Hefty Budget,2021-05-28 11:19:28+00:00
"Stock Market News for May 28, 2021",2021-05-28 12:39:00+00:00
Boeing Dreamliner Deliveries Halted Again as Regulators Seek More Information,2021-05-28 14:13:57+00:00
Why Is Boeing (BA) Up 6.3% Since Last Earnings Report?,2021-05-28 15:31:49+00:00
Boeing halts 787 Dreamliner deliveries due to production problems,2021-05-28 18:11:00+00:00
"Biden Defense Budget Focuses on R&D, Cuts Some Mainstay Programs",2021-05-28 21:51:00+00:00
Wall Street Breakfast: What Moved Markets,2021-05-29 12:50:39+00:00
"U.S. stocks close higher, ending week on good economic data despite inflation",2021-05-29 12:58:00+00:00
Airbus' Bullish Production Plans Aren't Good News for Boeing,2021-05-29 13:05:00+00:00
Here's How General Motors Could Go to the Moon,2021-05-31 11:07:00+00:00
Biden's FY22 DoD Budget Request Seeks 1.6% Hike: Stocks to Gain,2021-05-31 12:26:00+00:00
Europe's Ariane Falls Farther Behind SpaceX,2021-06-01 11:33:00+00:00
"May Market Wrap: Despite Bullish Backdrop, Equities Struggle For Footing",2021-06-01 13:36:00+00:00
"Company News for Jun 1, 2021",2021-06-01 13:44:00+00:00
"Benzinga's Top Ratings Upgrades, Downgrades For June 1, 2021",2021-06-01 14:04:16+00:00
Raytheon (RTX) Wins $113M Deal to Support RAM Block 2 GMRP,2021-06-01 14:22:00+00:00
How SpaceX Could Become Space Force's No. 1 Defense Contractor,2021-06-01 14:33:00+00:00
Why Cowen Is Bullish On Boeing: '2022-24 Look Brighter',2021-06-01 18:21:51+00:00
Boeing Will Be Flying As High As $300 This Year: Lebenthal,2021-06-01 21:31:18+00:00
"Boeing is Now a Buy and Could Gain 14%, Analyst Says",2021-06-02 01:20:13+00:00
3 Bargain Stocks You Can Buy Today,2021-06-02 11:47:00+00:00
"Eaton (ETN) Buys Cobham Mission Systems, Expands Aerospace",2021-06-02 12:26:00+00:00
Market In Holding Pattern Ahead Of Major Jobs Data Tomorrow And Friday,2021-06-02 14:22:00+00:00
Boeing stock spikes after analyst upgrade: time to buy?,2021-06-02 15:59:46+00:00
Lockheed Martin (LMT) Wins $50M Apache Helicopter Support Deal,2021-06-03 13:24:00+00:00
"Wall Street Breakfast: Jobs, Jobs, Jobs",2021-06-04 11:24:43+00:00
Wall Street Crime And Punishment: Robert Vesco Takes The Money And Runs,2021-06-04 18:01:18+00:00
"Microsoft, Apple And Intel Lead The Dow Jones Higher Friday",2021-06-04 20:16:04+00:00
Can Southwest Airlines and Ryanair Save the Boeing 737 MAX?,2021-06-05 13:07:00+00:00
United wants to fly a new generation of Concorde-style supersonic jets. Will you be able to afford a ticket?,2021-06-05 18:40:00+00:00
2 Warren Buffett Stocks to Buy in June,2021-06-06 10:47:00+00:00
Boeing's Stingray Drone Completes First In-Air Refueling,2021-06-07 20:33:06+00:00
Lockheed Martin (LMT) Wins $1B Deal to Support SBIRS Program,2021-06-08 13:29:00+00:00
U.S. trade deficit narrows in April due to Boeing airplanes,2021-06-08 14:05:00+00:00
Boeing Spare-Part Pricing Faces Scrutiny by Lawmakers,2021-06-08 18:39:31+00:00
S&P 500 and Nasdaq finish slightly higher while investors look for inflation clues,2021-06-08 20:28:00+00:00
U.S. and Europe Near Deal to End Tariff Fight,2021-06-08 20:49:42+00:00
"Southwest Expects Summer Revenue Jump, Orders 34 New Boeing 737 Maxes",2021-06-09 03:55:12+00:00
Wall Street Breakfast: Countering China,2021-06-09 11:19:53+00:00
Airbus Plans Challenge to Boeing's Cargo Aircraft Dominance,2021-06-09 15:36:03+00:00
Southwest (LUV) Bumps Up Boeing 737 MAX 7 Order by 34 Planes,2021-06-09 15:47:00+00:00
Boeing Stock Rally Gathers Pace As Economy Reopens,2021-06-10 13:35:00+00:00
"Stock Market News for Jun 10, 2021",2021-06-10 13:36:00+00:00
Raytheon (RTX) Wins $3B Deal to Upgrade APG-82 Radar System,2021-06-10 14:05:00+00:00
Boeing (BA) Gains But Lags Market: What You Should Know,2021-06-10 21:45:18+00:00
American Airlines Focuses On Cleaner Electric Air Mobility,2021-06-11 12:58:54+00:00
Record Highs With A Chance of Inflation,2021-06-11 15:02:00+00:00
Wall Street Crime and Punishment: Howard Hughes Vs. The SEC,2021-06-11 16:14:57+00:00
Northrop (NOC) Wins $54M Deal to Support Global Hawk Program,2021-06-11 16:29:00+00:00
Boeing Reportedly Finds Success Moving Inventory in Hot Travel Market,2021-06-11 16:32:52+00:00
These 3 Airlines Are Going to Take Off in the Next 5 Years,2021-06-12 12:00:00+00:00
"Boeing Leads Again in Orders, but Airbus Delivers the Goods",2021-06-12 13:09:00+00:00
"United, Alaska Air among airlines snapping up unsold Boeing 737 Max inventory as vaccines fuel rebound in air travel",2021-06-12 15:14:00+00:00
"US Travel Surges With 2 Million People Passing Through Airports, The Most Since March 2020",2021-06-13 19:31:41+00:00
Boeing CEO's Dreamliner Recovery Prediction Is a Pipe Dream,2021-06-14 11:20:00+00:00
Virgin Orbit Nears SPAC Merger: What Investors Should Know,2021-06-14 15:08:30+00:00
Airbus and Boeing shares lift off as EU and U.S. are set to resolve 17-year trade spat over aid to manufacturers,2021-06-15 09:25:00+00:00
Wall Street Breakfast: Worker Shortage,2021-06-15 11:06:00+00:00
U.S. and European Union agree truce over Boeing and Airbus subsidies,2021-06-15 11:35:00+00:00
"Here are 7 reasons to stay bullish on stocks and why the S&P is headed to 4,600, from Credit Suisse",2021-06-15 13:48:00+00:00
10 Biggest Price Target Changes For Tuesday,2021-06-15 14:10:47+00:00
Boeing (BA) Clinches Deal to Support Chinook Block II Program,2021-06-16 13:40:00+00:00
"Company News for Jun 16, 2021",2021-06-16 13:42:00+00:00
"Clues Awaited On Taper Timing, Inflation As Powell Press Conference Nears",2021-06-16 14:52:00+00:00
Boeing Vs Airbus: How Things Are Poised to Fare in 2021?,2021-06-16 15:04:00+00:00
Boeing (BA) Dips More Than Broader Markets: What You Should Know,2021-06-16 21:45:19+00:00
Boeing (BA) Wins $33M Deal to Rebuild Apache AH-64E Aircraft,2021-06-18 13:46:00+00:00
"Top Research Reports for Abbott, Bank of America & PayPal",2021-06-18 18:36:00+00:00
GE and Safran Trash Boeing CEO's Jet Engine Prediction,2021-06-19 13:07:00+00:00
5 Things to Know About NASA's New Space Budget,2021-06-20 11:07:00+00:00
"The Zacks Analyst Blog Highlights: Abbott, Bank of America, PayPal, The Procter & Gamble Co and Boeing",2021-06-21 10:38:00+00:00
Rocket Lab Is Going to Mars. Will Vector Acquisition Stock Go to the Moon?,2021-06-21 11:07:00+00:00
Do General Electric's Growth Plans Add Up?,2021-06-21 12:33:00+00:00
Aerospace-Defense Outperforms S&P 500 YTD: 4 Stocks to Buy,2021-06-21 12:41:00+00:00
Boeing (BA) Completes First Flight of 737-10 MAX Aircraft,2021-06-21 14:35:00+00:00
A Look at Bezos' Space Plans,2021-06-21 15:48:36+00:00
What Should Investors Make of Southwest's Big Boeing Order?,2021-06-21 17:59:00+00:00
Boeing And Cisco Lead The Dow Jones Higher Monday,2021-06-21 21:11:56+00:00
Boeing Said To Have Lost Its Top Lobbyist In Washington,2021-06-22 04:28:24+00:00
A Peek Into The Markets: US Stock Futures Edge Lower Following Monday's Rally; Fed's Powell In Focus,2021-06-22 10:00:58+00:00
Boeing's Biggest 737 MAX Takes Flight,2021-06-22 12:21:00+00:00
"Stock Market News for Jun 22, 2021",2021-06-22 12:33:00+00:00
Boeing (BA) Stock Sinks As Market Gains: What You Should Know,2021-06-22 21:45:17+00:00
Is Boeing Out of the Woods Yet? Here Are 2 Things Investors Should Be Watching for,2021-06-23 11:30:00+00:00
Boeing (BA) Wins $170M Deal to Support Apache Aircraft Production,2021-06-23 13:50:00+00:00
Lockheed (LMT) Wins $73M Deal to Support CH-53K Program,2021-06-23 15:11:00+00:00
Wall Street Breakfast: No More Pandemic Stress,2021-06-24 11:15:28+00:00
Wall Street Breakfast: No More Pandemic Stress (Podcast),2021-06-24 12:04:03+00:00
Good News for Airbus and Boeing,2021-06-24 13:00:00+00:00
3 Top Stocks Under $10,2021-06-24 14:03:38+00:00
Durable-goods orders snap back in May in sign of broad strength in the U.S. economy,2021-06-24 15:35:00+00:00
Boeing And Disney Lead The DIA Higher Thursday,2021-06-24 20:21:37+00:00
Raytheon (RTX) Wins $137M Deal to Upgrade MK 15 Weapon System,2021-06-25 11:53:00+00:00
"Stocks Remain Near Records After Strong Nike Results, Benign Inflation Data",2021-06-25 13:57:00+00:00
Opinion: Here’s why Boeing’s stock will soar,2021-06-26 20:44:00+00:00
The Boeing 767: An Unlikely Port in the Current Storm,2021-06-27 14:04:00+00:00
Boeing 777X Will Not Win Certification Approval Before Mid-2023: FAA,2021-06-27 17:38:12+00:00
FAA notes safety concerns over new Boeing 777X: reports,2021-06-28 01:21:00+00:00
"Elon Musk Says Starlink Has Breached 'Strategically Important Threshold' Of 69,420 Simultaneously Active Users",2021-06-28 10:12:54+00:00
Lockheed (LMT) Unit Wins $736M Deal to Aid CH-53K Production,2021-06-28 10:46:00+00:00
Boeing (BA) Wins $581M Delivery Deal for 14 Chinook H-47,2021-06-28 17:05:00+00:00
PreMarket Prep Stock Of The Day: Boeing,2021-06-28 19:00:09+00:00
"S&P 500, Nasdaq Composite book closing records, but Dow loses ground",2021-06-28 20:42:00+00:00
"Mixed Market Sets Fresh Record Highs on S&P, Nasdaq",2021-06-28 22:09:00+00:00
Jim Cramer Says Don't Go Buying Boeing Dip Just Yet,2021-06-29 06:46:58+00:00
Wall Street Breakfast: Antitrust Dismissed (For Now),2021-06-29 11:13:04+00:00
United Expands Fleet With 270 Boeing And Airbus Aircraft — The Airliner's Largest Order Ever,2021-06-29 13:20:12+00:00
"Stock Market News for Jun 29, 2021",2021-06-29 13:32:00+00:00
Boeing (BA) Wins $129M MTC Services Deal for F-15 Jets,2021-06-29 15:04:00+00:00
"United Airlines goes all in with ‘Next’ fleet renewal, promises $2 billion in savings",2021-06-29 15:53:00+00:00
"Southwest Airlines Finds A Bottom, Options Traders Bet On Bounce",2021-06-29 17:48:39+00:00
Nike And Apple Lead The DIA In A Mixed Day Of Trading,2021-06-29 20:15:10+00:00
Boeing (BA) Stock Sinks As Market Gains: What You Should Know,2021-06-29 21:45:19+00:00
Boeing Just Got Another Huge 737 MAX Order,2021-06-30 12:23:00+00:00
Lockheed Martin (LMT) Wins $129M MH-60R Aircraft Supply Deal,2021-06-30 13:32:00+00:00
"Halfway Through 2021, Wall Street In Waiting Game Ahead Of Jobs Data",2021-06-30 15:46:00+00:00
"Dow Jones Gains 187 Points on Walmart Healthcare Deal, Boeing Mega-Order",2021-06-30 20:33:00+00:00
"S&P 500 sweeps to fresh record close, stocks book best first-half of year since 2019",2021-06-30 20:41:00+00:00
Walmart And Boeing Lead The DIA In Another Mixed Day For The Markets,2021-06-30 20:48:03+00:00
"Stock Market News for Jul 1, 2021",2021-07-01 13:31:00+00:00
Boeing Analyst: CFO Faces 'No Shortage Of Challenges' In New Role,2021-07-01 19:18:43+00:00
Airline Stocks to Buy After Boeing's Big Deal,2021-07-01 19:51:00+00:00
Facebook And Nvidia Lead The QQQ Thursday,2021-07-01 20:09:46+00:00
Lockheed Martin's F-35 Wins Swiss Fighter Dogfight,2021-07-02 11:47:00+00:00
Microsoft And Apple Lead The Dow Jones Higher Friday,2021-07-02 20:07:12+00:00
Better Buy: Boeing vs. Airbus,2021-07-03 11:44:00+00:00
"Benzinga's Bulls And Bears Of The Week: Amazon, Exxon, GM, Netflix, Tesla And More",2021-07-04 17:54:38+00:00
Raytheon (RTX) Wins $2B Deal to Support LRSO Weapon System,2021-07-05 13:42:00+00:00
"Company News for Jul 6, 2021",2021-07-06 13:43:00+00:00
"Defense Stock Roundup: RTX, LMT Win Deals, LHX Divests Business",2021-07-06 13:57:00+00:00
Is Goldman Sachs Right to Be Bullish on General Electric?,2021-07-07 12:16:00+00:00
"Boeing Could Get Wings, But Dow Jones Lags: What's Next?",2021-07-07 13:45:05+00:00
These 2 Dow Leaders Are Hurting the Stock Market,2021-07-07 16:34:00+00:00
Boeing (BA) Stock Sinks As Market Gains: What You Should Know,2021-07-07 21:45:17+00:00
5 Blue-Chip Stocks to Win Big in the Second Half of 2021,2021-07-08 11:20:00+00:00
United Airlines and Delta Air Lines Choose Different Fleet Strategies,2021-07-08 12:20:00+00:00
"Delta, Spirit Attractive As Travel Rebounds, But Overall, Airline Shares Slump",2021-07-08 13:30:00+00:00
Raytheon (RTX) Wins $172M Deal to Develop Three NGJ-Mid-Band,2021-07-08 14:44:00+00:00
Northrop's (NOC) Unit Wins $3.9B Deal to Aid Minuteman ICBM,2021-07-08 15:14:00+00:00
Wall Street Breakfast: Blastoff!,2021-07-09 11:18:58+00:00
Wall Street Breakfast: Blastoff! (Podcast),2021-07-09 12:08:49+00:00
4 Aerospace-Defense Stocks to Buy as Air Traffic Outlook Improves,2021-07-09 12:16:00+00:00
Lockheed's (LMT) Unit Wins $28M Contract to Upgrade MH-60R/S,2021-07-09 15:24:00+00:00
Raytheon's (RTX) Unit Wins $45M Contract to Develop SM-2,2021-07-12 12:31:00+00:00
New problem may further delay Boeing 787 Dreamliner deliveries,2021-07-13 03:05:00+00:00
Wall Street Breakfast: Ring The Register?,2021-07-13 11:13:49+00:00
Wall Street Breakfast: Ring The Register? (Podcast),2021-07-13 12:09:53+00:00
Analysts expect earnings to be great. One bank says estimates are still too low.,2021-07-13 12:40:00+00:00
United's Blockbuster Order Doesn't Solve Boeing's Problems,2021-07-13 14:38:48+00:00
Embraer SA (ERJ) Gets Porter Airlines' Order of E195-E2 Jets,2021-07-13 15:45:00+00:00
Jim Cramer on Boeing: “I’m sick of what’s happening”,2021-07-13 19:33:48+00:00
Visa And Microsoft Lead The DIA In A Mixed Day Of Trading,2021-07-13 20:10:21+00:00
"U.S. stocks finish lower Tuesday after hot CPI data, big banks kick off earnings season",2021-07-13 20:54:00+00:00
Markets Sell Early Q2 Earnings News,2021-07-13 22:11:00+00:00
Boeing's Struggles Continue Despite Big 737 MAX Order,2021-07-14 13:39:00+00:00
"Company News for Jul 14, 2021",2021-07-14 13:41:00+00:00
Boeing (BA) Reports Solid Q2 Commercial & Defense Deliveries,2021-07-14 15:59:00+00:00
Boeing Shares Slump On 787 Delivery Halt,2021-07-14 18:11:57+00:00
"Top Stock Reports for NVIDIA, Mastercard & Boeing",2021-07-14 19:17:00+00:00
Raytheon (RTX) Wins $321M Stinger Missile Production Deal,2021-07-14 20:21:00+00:00
Boeing (BA) Stock Sinks As Market Gains: What You Should Know,2021-07-14 21:45:17+00:00
Lockheed (LMT) Wins Deal to Produce HIMARS M142 Launchers,2021-07-15 11:58:00+00:00
"Why Boeing Is A Bad Trade, But A Good Investment",2021-07-15 20:41:16+00:00
Wall Street Breakfast: Show Me The Money!,2021-07-16 11:10:14+00:00
"Defense Stock Roundup: NOC, RTX Win Deals, BA Reports Mixed Q2 Deliveries",2021-07-16 11:24:00+00:00
Wall Street Breakfast: Show Me The Money! (Podcast),2021-07-16 12:06:58+00:00
"Richard Branson Went to Space, But These Space Stocks Could Go to the Moon",2021-07-17 11:00:00+00:00
Boeing's Billion-Dollar Drone Tanker Program Takes Flight,2021-07-17 11:07:00+00:00
Airbus Trounces Boeing on Deliveries Again in June,2021-07-17 13:10:00+00:00
Better Buy: Boeing or All 30 Dow Jones Stocks?,2021-07-17 13:30:00+00:00
"Benzinga's Bulls And Bears Of The Week: Apple, Tesla, Virgin Galactic, Wells Fargo And More",2021-07-17 15:10:37+00:00
Boeing (BA) Wins $34M Deal to Supply Spare Parts for F/A-18 Jets,2021-07-19 18:17:00+00:00
"Why Boeing and Astra Space Dropped Monday, but Virgin Galactic Soared",2021-07-19 20:07:49+00:00
Boeing And American Express Lead The DIA Sharply Lower Monday,2021-07-19 20:12:32+00:00
"Dow Jones Tumbles 863 Points on COVID-19 Surge Fears, on Track for Worst Day in Nine Months",2021-07-19 20:38:00+00:00
"Dow books 725-point loss, worst day since October, as spread of delta variant and global tensions rattle investors",2021-07-19 20:47:00+00:00
"Travel Stocks, Including Airlines, Hit Hard By Covid Fears, But Some Tech Stocks Show Strength",2021-07-19 20:56:33+00:00
Boeing Stock Falls Further But Options Traders See Rebound Ahead,2021-07-19 21:19:50+00:00
Here’s why this Jefferies’ analyst is still bullish on Boeing,2021-07-20 18:54:11+00:00
"What Crash? Dow Jones Surges 600 Points on AmEx, Goldman, Boeing Stock Gains",2021-07-20 19:28:15+00:00
"AAR Corp's (AIR) Q4 Earnings Beat Estimates, Sales Rise Y/Y",2021-07-21 13:20:00+00:00
Boeing (BA) May Report Negative Earnings: Know the Trend Ahead of Next Week's Release,2021-07-21 19:02:22+00:00
Boeing And Chevron Soar As The Dow Jones Finishes Higher,2021-07-21 20:11:30+00:00
Alaska Air Group Revenue Flies In Q3,2021-07-22 12:06:29+00:00
Solid Commercial Deliveries to Boost Boeing (BA) Q2 Earnings,2021-07-22 12:18:00+00:00
3 Ways Boeing Shares Can Lift Buy-And-Hold Portfolios,2021-07-22 12:33:00+00:00
Boeing (BA) Stock Sinks As Market Gains: What You Should Know,2021-07-22 21:45:19+00:00
"Stocks To Watch: Apple And Tesla Lead Earnings Blitz, New IPOs And SPAC Debuts",2021-07-24 13:42:48+00:00
Wall Street Breakfast: The Week Ahead,2021-07-25 11:07:12+00:00
Wall Street Breakfast: The Week Ahead (Podcast),2021-07-25 11:27:02+00:00
"3 Stocks To Watch In The Coming Week: Tesla, Apple, Microsoft",2021-07-25 11:31:00+00:00
"The main attractions arrive: Apple, Microsoft, Google, Facebook, Amazon and Tesla headline the biggest week of earnings",2021-07-26 11:46:00+00:00
Will Higher 737 Max Deliveries Boost Boeing (BA) Q2 Earnings?,2021-07-26 13:14:00+00:00
"Lockheed Martin (LMT) Q2 Earnings Beat Estimates, Sales Up Y/Y",2021-07-26 13:46:00+00:00
787 Dreamliner Snag Latest Issue As Boeing Earnings Near,2021-07-26 13:57:00+00:00
Boeing Earnings Approach As Company Deals With New Snag Affecting 787 Planes,2021-07-26 14:08:31+00:00
Boeing Earnings Approach As Company Deals With New Snag Affecting 787 Planes,2021-07-26 14:08:31+00:00
"Dow Jones Breaks 35,100 With Apple, Visa, Microsoft Earnings Coming",2021-07-26 19:32:33+00:00
Wall Street Breakfast: China Wipeout,2021-07-27 10:59:05+00:00
Wall Street Breakfast: China Wipeout (Podcast),2021-07-27 11:57:54+00:00
4 Defense Stocks Likely to Surpass Q2 Earnings Estimates,2021-07-27 12:07:00+00:00
Durable-goods orders rise again even as U.S. businesses battle major shortages,2021-07-27 13:41:00+00:00
"Mega-Cap Mania: Apple, Alphabet, Microsoft Earnings All Ahead After Close Today",2021-07-27 14:12:43+00:00
Will Lower Defense Deliveries Hit Boeing (BA) in Q2 Earnings?,2021-07-27 14:21:00+00:00
"Hexcel (HXL) Q2 Earnings Beat Estimates, Sales Decline Y/Y",2021-07-27 15:37:00+00:00
"Dow Jones Falls Below 35,000 on Boeing and Tech Stock Sell-Offs, Delta Variant Worries",2021-07-27 19:24:00+00:00
These companies still donate to Jan. 6 seditionists in Congress,2021-07-27 20:21:08+00:00
"Boeing To Launch Starliner Capsule To Space, But These Options Traders See Dark Times Ahead",2021-07-27 21:35:06+00:00
"8 Stocks To Watch For July 28, 2021",2021-07-28 08:47:50+00:00
A Peek Into The Markets: US Stock Futures Mixed Ahead Of Fed Decision,2021-07-28 10:01:24+00:00
Wall Street Breakfast: Masks Are Back,2021-07-28 10:58:54+00:00
Wall Street Breakfast: Masks Are Back (Podcast),2021-07-28 11:38:21+00:00
"Boeing Stock Flies After Strong Q2 Earnings, $363B Backlog",2021-07-28 12:20:13+00:00
Boeing (BA) Surpasses Q2 Earnings Estimates,2021-07-28 12:45:08+00:00
"The real opportunities are with ‘Empire Strikes Back’ stocks, not the megacap tech giants, says Capital Group fund manager",2021-07-28 13:12:00+00:00
"Boeing's (BA) Q2 Earnings Beat Estimates, Revenues Rise Y/Y",2021-07-28 14:02:00+00:00
Five-Day Rally Ends While Waiting for Big Tech Reports,2021-07-28 14:15:00+00:00
"Afternoon Face-To-Face with Facebook, Fed Chairman Powell, Next On Calendar",2021-07-28 14:29:10+00:00
"Trade Numbers Sink Near Record, Q2 Earnings Beats for PFE, BA & MCD",2021-07-28 14:30:00+00:00
"Europe stocks post modest gains, lifted by Gucci owner Kering as banking heavyweights also report",2021-07-28 14:35:00+00:00
Earnings Data Deluge,2021-07-28 14:59:00+00:00
What Boeing and Shopify Just Said About the Stock Market's Future,2021-07-28 16:29:00+00:00
PreMarket Prep Stock Of The Day: Boeing,2021-07-28 16:51:08+00:00
Why Boeing Stock Is Flying Higher Today,2021-07-28 17:47:12+00:00
"Why the Dow Jones Is Falling Today Despite Great Earnings From Apple, Boeing, Microsoft, Visa",2021-07-28 18:44:33+00:00
Why This Investor Says A Boeing Recovery Could Send General Electric Stock Higher,2021-07-28 20:16:36+00:00
Boeing (BA) Q2 2021 Earnings Call Transcript,2021-07-29 01:33:10+00:00
"Jim Cramer Mourns For Short Sellers Who Bet Against AMD, Google, Boeing",2021-07-29 06:16:47+00:00
Wall Street Breakfast: Democratizing Finance For All,2021-07-29 11:11:28+00:00
"Stock Market News for Jul 29, 2021",2021-07-29 13:50:00+00:00
5 Of The Best Stocks To Buy In Last Year's 'COVID Crash',2021-07-29 22:38:11+00:00
Wall Street Breakfast: Debt Drama,2021-07-30 10:58:16+00:00
Wall Street Breakfast: Debt Drama (Podcast),2021-07-30 11:42:30+00:00
"Defense Stock Roundup: LMT, RTX, BA, GD, TDY Beat on Q2 Earnings",2021-07-30 13:59:00+00:00
What's in Store for Spirit AeroSystems' (SPR) Q2 Earnings?,2021-07-30 16:58:00+00:00
Boeing Posts Surprise Q2 Profit,2021-07-31 13:07:00+00:00
Airbus Gets a Much-Needed A330neo Order,2021-08-01 13:05:00+00:00
"Benzinga's Bulls And Bears Of The Week: Amazon, Apple, GE, Netflix, Tesla, Visa And More",2021-08-01 16:53:55+00:00
Top Secret Project Costs Lockheed $225 Million in Q2 Earnings,2021-08-02 12:16:00+00:00
"Defense Stocks to Watch for Earnings on Aug 3: LHX, LDOS & More",2021-08-02 12:34:00+00:00
"Stock Market News for Aug 2, 2021",2021-08-02 13:41:00+00:00
U.S. factory orders increase 1.5% in June even as firms struggle with shortages,2021-08-03 14:27:00+00:00
"Top Analyst Reports for Alphabet, Abbott & T-Mobile",2021-08-03 17:08:00+00:00
"Stock Market News for Aug 4, 2021",2021-08-04 13:40:00+00:00
"Boeing, NASA Delay CST-100 Starliner Takeoff, Relaunch Date Unknown",2021-08-04 16:21:34+00:00
This Indicator For Boeing Stock Has Been Perfect,2021-08-04 19:28:55+00:00
General Motors And Gap Get Hammered As The SPY Finishes Lower Wednesday,2021-08-04 20:19:46+00:00
"My Dividend Portfolio: July 2021 Update - 99 Holdings, 35 Buys, Dividend Record",2021-08-05 05:53:50+00:00
Is It Time to Buy the Dow Jones' 3 Worst-Performing July Stocks?,2021-08-05 10:32:00+00:00
"Stocks To Watch: Coinbase Global, AMC Entertainment And Samsung In The Spotlight",2021-08-07 13:49:20+00:00
Wall Street Breakfast: The Week Ahead,2021-08-08 10:31:27+00:00
Wall Street Breakfast: The Week Ahead (Podcast),2021-08-08 10:55:48+00:00
"Crude Awakening: Oil Slides To Four-Month Low, Indicating Possible Economic Fears",2021-08-09 13:50:24+00:00
Oil Hits 4-Month Low On Possible Virus-Related Economic Weakness,2021-08-09 14:50:00+00:00
6 Ways to Start Investing With $100 or Less,2021-08-10 09:45:00+00:00
Boeing 737 MAX Takes Key Step To Getting Ban Lifted In China With Test Flight,2021-08-11 05:24:31+00:00
Home Depot And Boeing Lead The DIA Higher Wednesday,2021-08-11 20:21:06+00:00
3 Dividend Investing Tips That Could Earn You Thousands,2021-08-12 10:00:00+00:00
"Top Research Reports for Berkshire Hathaway, Cisco & Novo Nordisk",2021-08-12 17:24:00+00:00
Wall Street Breakfast: Spending Slowdown,2021-08-13 10:48:27+00:00
Wall Street Breakfast: Spending Slowdown (Podcast),2021-08-13 12:46:38+00:00
Boeing's Troubled Starliner Space Capsule Grounded Again,2021-08-14 11:15:00+00:00
"Barron's Latest Picks And Pans: Activision, Boeing, Carvana, Moderna, Wendy's And More",2021-08-14 18:47:57+00:00
Chaos Continues at Boeing,2021-08-15 13:07:00+00:00
What the collapse of the Afghan government might mean for the U.S. stock market,2021-08-16 02:39:00+00:00
Why It Could Take Boeing Years To Get Back On Track Following Latest Starliner Delay,2021-08-16 14:43:50+00:00
"Alaska Airlines Continues Fleet Optimization, Adds 12 Boeing 737-9 Aircraft",2021-08-16 19:31:26+00:00
Walmart Earnings: Tough Comparisons Vs. 2020 As Focus Turns To E-Commerce,2021-08-16 20:15:57+00:00
"Dow, S&P 500 end at records, shake off earlier losses from weak China data and Afghanistan turmoil",2021-08-16 20:48:00+00:00
"Earnings Roundup: Boeing, Lockheed Martin, Tesla, XPO Logistics",2021-08-16 21:01:38+00:00
Alaska Air Orders More Boeing 737 MAX 9s,2021-08-17 11:18:00+00:00
Alaska Air (ALK) Arm Converts 12 Boeing 737-9 Aircraft Options,2021-08-17 15:16:00+00:00
"Top Stock Reports for Disney, Charter Communications & Boeing",2021-08-18 16:10:00+00:00
RBC Bearings Stock Is Rolling Forward,2021-08-20 10:43:00+00:00
Boeing (BA) Wins $487M Apache AH-64 Helicopters Support Deal,2021-08-23 13:57:00+00:00
Why Boeing Is Investing In Richard Branson-Owned Virgin Orbit's $3.2B SPAC Deal,2021-08-23 17:10:23+00:00
Why Virgin Galactic Stock Popped Today,2021-08-23 17:11:26+00:00
"Top Stock Reports for Apple, Home Depot & Deere",2021-08-23 18:29:00+00:00
FAA to review Boeing employee reports of feeling pressure over safety issues,2021-08-24 03:51:00+00:00
Find Strong Stocks for the Fall with this First Profit Screener,2021-08-24 17:06:00+00:00
3 Defense Stocks to Buy Post Taliban's Invasion of Kabul,2021-08-26 13:29:00+00:00
Here’s how defense contractors and defense ETFs are trading after Pentagon says 13 U.S. service members were killed in Kabul airport attack,2021-08-27 00:54:00+00:00
Boeing (BA) Down 6.5% Since Last Earnings Report: Can It Rebound?,2021-08-27 15:31:39+00:00
Boeing (BA) Wins Army Deal to Support CH-47 Chinook Program,2021-08-27 15:54:00+00:00
"Stock Market News for Aug 30, 2021",2021-08-30 13:38:00+00:00
Raytheon Technologies (RTX) Wins Contract to Support AMRAAM,2021-08-30 15:09:00+00:00
Apple And Home Depot Lead The Dow Jones,2021-08-30 20:12:57+00:00
"Stock Market News for Aug 31, 2021",2021-08-31 13:11:00+00:00
August Market Wrap: Lots Of Negative Headlines But Stocks Still End Month Higher,2021-09-01 09:18:00+00:00
Boeing Just Lost Another Customer,2021-09-01 12:21:00+00:00
Lockheed (LMT) Wins Deal to Supply Spare Parts for CH-53K,2021-09-01 15:37:00+00:00
Is It Time to Buy the Dow Jones' 3 Worst-Performing Stocks in August?,2021-09-02 12:00:00+00:00
Boeing (BA) Outpaces Stock Market Gains: What You Should Know,2021-09-02 21:45:16+00:00
Tracking Philippe Laffont's Coatue Management Portfolio - Q2 2021 Update,2021-09-03 04:04:20+00:00
Northrop's (NOC) Arm Wins Deal to Support Global Hawk Fleet,2021-09-03 15:49:00+00:00
Raytheon (RTX) Wins $51M Deal to Support MK-31 Missile Program,2021-09-03 16:05:00+00:00
"Stocks To Watch: GameStop, Affirm, Lululemon And Sports Betting Plays",2021-09-04 14:15:22+00:00
Wall Street Breakfast: The Week Ahead,2021-09-05 11:07:45+00:00
Wall Street Breakfast: The Week Ahead (Podcast),2021-09-05 12:01:26+00:00
Boeing's Delivery Of New 787 Dreamliners May Not Be Delivered Till Late Oct: WSJ,2021-09-05 18:50:55+00:00
Deliveries of Boeing’s 787 Dreamliner likely delayed until late October,2021-09-05 23:36:00+00:00
Lockheed (LMT) Wins $205M Deal to Aid the MH-60R Program,2021-09-06 13:47:00+00:00
"Boeing Bleeding Orders To Airbus Due To Unrealistic Pricing, Says Ryanair CEO As Companies End Talks On Aircraft Purchase",2021-09-07 03:06:15+00:00
A Peek Into The Markets: US Stock Futures Edge Higher,2021-09-07 10:03:46+00:00
Is Boeing Worth Taking a Flyer On?,2021-09-07 10:41:00+00:00
"Bitcoin, Moderna, Tesla, Boeing, And 'The Dogecoin Wife:' 5 Headlines You May Have Missed From Labor Day Weekend",2021-09-07 10:54:26+00:00
What Blue Origin's Failure to Launch Means for Boeing and Lockheed,2021-09-07 11:07:00+00:00
Boeing: A Risky Bet As It Remains Mired In Uncertainty,2021-09-07 13:29:00+00:00
"Nasdaq rises to record close,  even as U.S. stocks end mostly lower after investors return from Labor Day",2021-09-07 20:43:00+00:00
"Amazon, Pfizer, Roku, Boeing And More: These Are Cathie Wood's Key Trades From Tuesday",2021-09-08 08:43:01+00:00
"Boeing’s stock falls after UBS analyst Myles Walton cuts price target, but says expectations have ‘bottomed out’",2021-09-08 11:23:00+00:00
"Company News for Sep 8, 2021",2021-09-08 13:33:00+00:00
Boeing (BA) Dips More Than Broader Markets: What You Should Know,2021-09-08 21:45:18+00:00
"Boeing Board Will Have To Face Shareholder Lawsuit Over 737 MAX, Rules Delware Court",2021-09-09 06:59:10+00:00
Coca-Cola And Merck Lead The Dow Jones Lower,2021-09-09 20:34:43+00:00
3 Great Dividend Stocks to Buy for Less Than $50,2021-09-10 10:12:00+00:00
Ryanair Scraps Boeing 737 MAX 10 Order Plans,2021-09-11 13:07:00+00:00
"Spirit Aerosystems, Iridium, Trimble, Unity, Jaws Spitfire And More: These Are Cathie Wood's Key Trades From Friday",2021-09-13 04:03:57+00:00
Lockheed (LMT) Wins $101M Deal to Procure Hellfire Missiles,2021-09-13 14:29:00+00:00
Boeing (BA) Dips More Than Broader Markets: What You Should Know,2021-09-14 21:45:17+00:00
Wall Street Breakfast: New Era Of Spaceflight,2021-09-15 11:05:52+00:00
Boeing Upgrades Long-Term Jet Market Outlook: Stocks to Gain,2021-09-15 11:09:00+00:00
Boeing August Delivery Numbers Suggest Downside Risk To Full-Year Targets: Analyst,2021-09-15 15:09:59+00:00
Vice Stocks: A Sin Not To Have In Your Portfolio,2021-09-15 16:07:16+00:00
Wall Street Breakfast: The New Moonshot Technologies,2021-09-16 10:54:37+00:00
Ryanair shares surge after lifting passenger traffic target,2021-09-16 11:16:00+00:00
Wall Street Breakfast: U.S. Natural Gas Prices Surge (Podcast),2021-09-16 12:13:29+00:00
Rolls-Royce leads London gainers on Australian nuclear submarine deal,2021-09-16 14:19:00+00:00
Former Boeing pilot expected to face charges in 737 Max investigation,2021-09-17 03:13:00+00:00
Ryanair (RYAAY) Shares Jump Over 7% on Raised Traffic Forecast,2021-09-17 11:06:00+00:00
"Boeing: Orders Taking Off, but Deliveries Still Grounded",2021-09-18 13:09:00+00:00
"Benzinga's Bulls And Bears Of The Week: Apple, Boeing, Cisco, Moderna, Tesla And More",2021-09-18 14:11:00+00:00
Elon Musk Derides President Biden Over Failure To Acknowledge SpaceX's 1st All-Civilian Mission,2021-09-20 09:25:02+00:00
Boeing (BA) Wins $1.6B Deal to Repair Minuteman III ICBM,2021-09-20 15:25:00+00:00
"Opinion: America’s policy toward China is misdirected, because it would actually strengthen China and weaken the United States",2021-09-20 19:06:00+00:00
Here are the worst-performing U.S. stocks as the Evergrande crisis rattles investors,2021-09-20 20:45:00+00:00
Boeing (BA) Dips More Than Broader Markets: What You Should Know,2021-09-20 21:45:18+00:00
Lockheed Martin: Why I'm Buying This Beaten Down Blue Chip Industrial Stock,2021-09-21 04:03:25+00:00
GE Expected To Ink $2B Deal With Vietnam's Bamboo Airways For Dreamliner Engines Today,2021-09-21 06:50:36+00:00
Jet Stocks to Gain as Boeing Expects Rise in Europe Air Traffic,2021-09-22 11:51:00+00:00
"Defense Stock Roundup: LMT Wins Big Order, BA Reveals Solid 10-Year Market View",2021-09-23 13:12:00+00:00
Northrop's (NOC) Arm Clinches Deal to Support Triton UAS,2021-09-23 13:49:00+00:00
Is The Boeing (BA) Outperforming Other Aerospace Stocks This Year?,2021-09-23 15:30:10+00:00
Wall Street Breakfast: Yield Signs,2021-09-24 10:28:40+00:00
Wall Street Breakfast: Yield Signs (Podcast),2021-09-24 11:41:08+00:00
Lockheed (LMT) Rewards Shareholders With 7.7% Dividend Hike,2021-09-24 15:24:00+00:00
"Why Boeing, Disney, Nvidia Stocks Could Be Settling Into This Bullish Pattern",2021-09-24 20:21:59+00:00
3 Dividend Stocks That Are Too Cheap to Ignore,2021-09-26 11:00:00+00:00
Delta Teases Boeing 737 MAX Interest,2021-09-26 13:09:00+00:00
3 Top Stocks You Can Buy and Hold for the Next Decade,2021-09-27 13:17:00+00:00
"Boeing boosts U.S. durable-goods orders, but shortages still a drag on the economy",2021-09-27 13:32:00+00:00
"Durable Goods +1.8%, More than Double Estimates",2021-09-27 14:19:00+00:00
Week Kicks Off with Better-than-expected Economic Data,2021-09-27 14:32:00+00:00
"Top Stock Reports for Berkshire Hathaway, Broadcom & AT&T",2021-09-27 16:54:00+00:00
Boeing (BA) Gains As Market Dips: What You Should Know,2021-09-27 21:45:19+00:00
"The Zacks Analyst Blog Highlights: Berkshire Hathaway, Broadcom, AT&T, Snap and Boeing",2021-09-28 10:42:00+00:00
"Stock Market News for Sep 28, 2021",2021-09-28 13:26:00+00:00
Boeing (BA) Wins $757M Deal to Supply P-8A Jets to Germany,2021-09-28 15:28:00+00:00
Air Lease (AL) Delivers a Boeing 737-9 Jet to Alaska Airlines,2021-09-28 15:31:00+00:00
A Peek Into The Markets: US Stock Futures Gain Following Tuesday's Plunge,2021-09-29 10:45:26+00:00
Pre-Markets Fill in Gaps from Tuesday's Big Selloff,2021-09-29 14:19:00+00:00
Boeing (BA) Wins $3.5B C-17 Globemaster III Jet Support Deal,2021-09-29 14:21:00+00:00
Pre-Markets Shaking Off Tuesday's Selloff,2021-09-29 14:27:00+00:00
Why Global Travel Trends Are Turning This Boeing Analyst Bullish,2021-09-29 15:34:45+00:00
These 2 Stocks Are Leading Wednesday's Market Rebound,2021-09-29 18:11:00+00:00
Why Boeing Stock Is Up Today,2021-09-29 18:13:10+00:00
Why Boeing Stock Looks Like It's Entering Make It Or Break It Time,2021-09-29 20:03:03+00:00
"Defense Stock Roundup: BA, LMT Win Big Orders, AIR Beats on Q1 Earnings",2021-09-30 14:02:00+00:00
"Stock Market News for Sep 30, 2021",2021-09-30 14:18:00+00:00
Boeing (BA) Wins $23.8B C-17 Globemaster III Jet Support Deal,2021-09-30 14:46:00+00:00
"Dow books worst month since Oct. 2020, skids 550 points in final session of September",2021-09-30 20:53:00+00:00
"Benzinga's Bulls And Bears Of The Week: Apple, Boeing, Moderna, Robinhood And More",2021-10-02 13:58:30+00:00
Boeing's Freighter Sales Surge Won't Last,2021-10-02 14:50:00+00:00
Boeing (BA) Wins $173M Contract to Modify F/A-18 Aircraft,2021-10-04 14:52:00+00:00
Under-the-Radar Aerospace Stocks,2021-10-05 16:00:00+00:00
Boost Your Portfolio for Q4 with this First Profit Stock Screener,2021-10-05 21:48:00+00:00
Italy's New Airline Picks Airbus Over Boeing,2021-10-06 11:20:00+00:00
Boeing (BA) Wins $392M Contract for CH-47F Renew Aircraft,2021-10-06 15:42:00+00:00
Boeing (BA) Gains But Lags Market: What You Should Know,2021-10-06 21:45:19+00:00
Wall Street Breakfast: Debt Drama,2021-10-07 10:06:02+00:00
Wall Street Breakfast: U.S. Debt Deal In The Wings (Podcast),2021-10-07 12:10:17+00:00
"Defense Stock Roundup: GD, LMT & BA Win Multi-Million Dollar Orders",2021-10-08 14:50:00+00:00
"Airline Earnings Preview: Profit Returning Slowly, But Business Travel Weak",2021-10-12 07:29:00+00:00
Boeing (BA) Wins Deal to Deliver Spare Parts for MH-47G Jets,2021-10-12 13:28:00+00:00
"3 Sectors Set To Report Explosive Earnings, Sales Growth As Q3 Season Starts",2021-10-13 09:00:00+00:00
"Wall Street Breakfast: Ready, Set, Earnings!",2021-10-13 11:06:31+00:00
Should You Invest in the Virgin Orbit SPAC?,2021-10-13 11:46:00+00:00
Wall Street Breakfast: White House Holds Supply Chain Summit,2021-10-13 12:34:39+00:00
Boeing (BA) Q3 Commercial Deliveries Up 204% Yet Lag Airbus,2021-10-13 13:46:00+00:00
Boeing (BA) Stock Sinks As Market Gains: What You Should Know,2021-10-13 21:45:18+00:00
Amazon Said To Be Shopping For Long-Range Jets That Can Fly Directly From China To US,2021-10-14 04:13:56+00:00
A Peek Into The Markets: US Stock Futures Rise Ahead Of Bank Earnings,2021-10-14 10:00:08+00:00
Boeing deals with new defect on 787 Dreamliner amid production problems,2021-10-14 12:51:00+00:00
Boeing's Stock Is Entering Do-Or-Die Time,2021-10-14 16:36:33+00:00
Wall Street Breakfast: Bitcoin Business,2021-10-15 11:05:10+00:00
"Jeremy Grantham is right that there's a bubble, this strategist says. Why right now is a good buying opportunity for stocks.",2021-10-15 12:37:00+00:00
Boeing Jet Deliveries Lag Again,2021-10-16 13:07:00+00:00
Boeing (BA) Wins $132M Deal to Support P-8A Poseidon Aircraft,2021-10-18 15:16:00+00:00
Wall Street Breakfast: BTC-ETF,2021-10-19 11:01:40+00:00
Wall Street Breakfast: A Looming Recession (Podcast),2021-10-19 12:08:22+00:00
"Hexcel (HXL) Q3 Earnings Beat Estimates, Sales Rise Y/Y",2021-10-19 14:47:00+00:00
Boeing (BA) Stock Sinks As Market Gains: What You Should Know,2021-10-19 21:45:17+00:00
Boeing (BA) Reports Next Week: Wall Street Expects Earnings Growth,2021-10-20 19:02:29+00:00
Higher Commercial Deliveries to Aid Boeing (BA) Q3 Earnings,2021-10-21 14:50:00+00:00
3 Aerospace Stocks You Can Buy and Hold for the Next Decade,2021-10-21 15:11:00+00:00
What Awaits Teledyne Technologies (TDY) in Q3 Earnings?,2021-10-22 12:48:00+00:00
Will 787 Performance Issue Hurt Boeing (BA) in Q3 Earnings?,2021-10-22 14:13:00+00:00
Elon Musk's SpaceX Is Now 100X a Unicorn Stock,2021-10-24 10:07:00+00:00
"1 Stock To Buy, 1 To Dump When Markets Open: Datadog, Twitter",2021-10-24 10:53:00+00:00
Wall Street Breakfast: The Week Ahead,2021-10-24 11:01:44+00:00
"3 Stocks To Watch In The Coming Week: Apple, Amazon, Microsoft",2021-10-24 12:43:00+00:00
"Tech will dominate this week, but here's one up-and-coming sector investors shouldn't overlook",2021-10-25 11:10:00+00:00
"Ahead Of Q3 Earnings, Cautiously Optimistic On Boeing Stock",2021-10-25 12:36:00+00:00
"Holiday earnings forecasts have been lumps of coal so far, and here come the biggest ones",2021-10-25 13:42:00+00:00
Delano Saporu Sees Opportunity In Visa Ahead Of Earnings,2021-10-25 13:44:14+00:00
"Top Research Reports for salesforce, AT&T & Boeing",2021-10-25 15:57:00+00:00
Redwire Space Shares Pop On Blue Origin Partnership: What Investors Should Know,2021-10-25 18:26:28+00:00
Why Redwire Stock Just Went to the Moon,2021-10-25 18:28:00+00:00
Jeff Bezos wants to build a “business park” in space,2021-10-25 22:06:16+00:00
"Defense Stocks to Watch for Q3 Earnings on Oct 27: BA, GD & TDY",2021-10-26 14:27:00+00:00
"Raytheon Technologies (RTX) Q3 Earnings Top, EPS View Up",2021-10-26 14:32:00+00:00
Will Boeing's (BA) Space Programs Drive Its Q3 Earnings?,2021-10-26 15:37:00+00:00
What Awaits Dow Jones ETFs Ahead of Big Earnings Releases?,2021-10-26 17:00:00+00:00
"7 Stocks To Watch For October 27, 2021",2021-10-27 08:11:40+00:00
"A Peek Into The Markets: US Stock Futures Edge Lower Ahead Of GM, Coca-Cola Earnings",2021-10-27 10:24:01+00:00
Wall Street Breakfast: Earnings Flurry,2021-10-27 11:01:52+00:00
Wall Street Breakfast: Record Home Prices (Podcast),2021-10-27 12:13:31+00:00
"Boeing Misses Q3 Analyst Earnings Target, But 737 Production Target Takes Flight",2021-10-27 12:36:29+00:00
"Boeing (BA) Reports Q3 Loss, Misses Revenue Estimates",2021-10-27 12:55:02+00:00
Will These 3 Dow Stocks Spur New Market Records Wednesday?,2021-10-27 13:11:33+00:00
Earnings Data Deluge,2021-10-27 13:53:00+00:00
New Highs Again for S&P and Dow as Earnings Continue,2021-10-27 14:15:00+00:00
Q3 Earnings' Smooth Sailing Continues,2021-10-27 14:27:00+00:00
"Boeing's (BA) Q3 Earnings Miss Estimates, Revenues Rise Y/Y",2021-10-27 14:29:00+00:00
Aerospace & Defense Struggle to Launch with Lockheed and Raytheon,2021-10-27 14:45:27+00:00
"Microsoft, Alphabet Receive Mixed Reviews In After-Hours Trading",2021-10-27 14:58:00+00:00
Why Virgin Galactic Stock Just Tanked,2021-10-27 14:58:52+00:00
Boeing CEO on wider-than-expected Q3 loss: ‘I remain an optimist’,2021-10-27 17:29:49+00:00
Boeing (BA) Q3 2021 Earnings Call Transcript,2021-10-27 23:01:20+00:00
Wall Street Breakfast: Flatten The Curve,2021-10-28 11:12:04+00:00
Wall Street Breakfast: Big Oil Comes Under Big Pressure (Podcast),2021-10-28 12:22:43+00:00
Boeing's Woes Continue: Another Earnings Miss,2021-10-28 12:23:00+00:00
Should You Invest in the iShares U.S. Aerospace & Defense ETF (ITA)?,2021-10-29 10:20:09+00:00
3 Disruptive Stocks Shaping the Future of Technology,2021-10-29 15:00:00+00:00
Lockheed Martin Shifts Focus After Earnings Bomb,2021-10-29 19:04:44+00:00
Why increased capital spending is setting up this select group of industrial stocks to outperform in the next few years,2021-10-30 13:38:00+00:00
3 Dividend Stocks Worth Buying and Holding for 30 Years,2021-10-31 11:00:00+00:00
October Market Wrap: Better Than Anticipated But Keep An Eye On Developing Risks,2021-11-01 10:28:00+00:00
"Defense Stock Roundup: LMT, RTX Beat on Q3 Earnings, BA Misses",2021-11-02 14:24:00+00:00
Airbus Flies While Boeing Flails,2021-11-02 14:51:00+00:00
"Defense Earnings Roundup: Lockheed Martin, Northrop Grumman, and More",2021-11-02 15:49:00+00:00
A Breakdown of Hexcel Corporation's Q3 Earnings Results,2021-11-02 19:00:00+00:00
"The Zacks Analyst Blog Highlights: Lockheed Martin, Raytheon Technologies, Boeing, General Dynamics and Northrop Grumman",2021-11-03 11:25:00+00:00
Is It Time to Buy the Dow Jones' 3 Worst Performing October Stocks?,2021-11-04 12:40:00+00:00
"Biden, Kerry to tap Amazon, Apple and others for the tech to lower airline, steel and trucking emissions",2021-11-04 14:01:00+00:00
Boeing (BA) Wins Navy Deal to Support P8-A Poseidon Aircraft,2021-11-04 14:55:00+00:00
Boeing reaches $225 million settlement in shareholder lawsuit over 737 Max safety,2021-11-05 01:13:00+00:00
"Dow Jones Gains 300 Points on Jobs Report, Merck Shares Slammed on Pfizer's COVID Pill Results",2021-11-05 18:35:47+00:00
"Top Analyst Reports for Tesla, Comcast & AbbVie",2021-11-05 18:58:00+00:00
Why Boeing and Its Suppliers Are Up Today,2021-11-05 19:18:00+00:00
Royal Caribbean's Stock Soars To New Highs: What's Next?,2021-11-05 20:28:14+00:00
Is Immutable Holdings The Publicly-Listed Berkshire Hathaway Of Blockchain?,2021-11-05 20:55:24+00:00
Should You Invest in the Invesco Aerospace & Defense ETF (PPA)?,2021-11-08 11:20:12+00:00
"The Zacks Analyst Blog Highlights: Tesla, Comcast, AbbVie, Boeing, China Petroleum & Chemical and Advanced Micro Devices",2021-11-08 12:24:00+00:00
"Stock Market News for Nov 8, 2021",2021-11-08 14:39:00+00:00
Viasat (VSAT) Misses on Q2 Earnings Despite Record Revenues,2021-11-09 13:23:00+00:00
How Raytheon's Aiming for a $10 Billion Goal,2021-11-09 15:37:00+00:00
3 Stocks That Made a Big Comeback,2021-11-09 19:30:00+00:00
Boeing 737 MAX Deliveries Still Haven't Taken Off,2021-11-11 13:20:00+00:00
"Now that Tesla's shares have gone ballistic, it's time to find other 'multi-bagger' companies — space is the place",2021-11-13 20:42:00+00:00
Boeing And Airbus: Dubai Airshow Takes Off With Mega Win,2021-11-15 05:27:29+00:00
Wall Street Breakfast: Biden To Sign Infrastructure Bill (Podcast by Pimm Fox),2021-11-15 13:15:19+00:00
"Why Meta Platforms, Boeing, Canopy Growth Look Set For Continuation And How To Trade The Move",2021-11-15 16:03:27+00:00
"Equity Futures Rally On Infrastructure, Boeing And Dollar Tree News",2021-11-15 16:08:00+00:00
Why Boeing Stock Popped on Monday,2021-11-15 16:49:51+00:00
Consumer Sentiment Hit a Decade Low Due to Rising Inflation,2021-11-15 17:57:49+00:00
Is Boeing's Stock Overvalued Or Undervalued?,2021-11-15 18:45:06+00:00
"S&P 500 and Nasdaq Composite end lower, halting two days of wins, while Dow industrials also finishes down",2021-11-15 22:06:00+00:00
Gina Sanchez: This Airline Stock Is 'Slightly Overvalued',2021-11-16 15:00:28+00:00
Boeing (BA) Clinches Deal for 11 737-800BCF Freighter Aircraft,2021-11-16 16:13:00+00:00
What trades more in a day than most Dow stocks? It's a big junk-bond ETF,2021-11-16 17:16:00+00:00
"Top Research Reports for Adobe, Novo Nordisk & Qualcomm",2021-11-16 21:07:00+00:00
Bell-Boeing Wins $72M Deal to Support CV-22 Aircraft Program,2021-11-17 15:11:00+00:00
4 Reasons Why Boeing Stock May Be Getting Ready For a Liftoff,2021-11-17 16:15:18+00:00
Boing price forecast: Wells Fargo sees a 20% upside,2021-11-17 20:37:25+00:00
"Dow ends 200 points lower, but large-cap tech stocks outperform as yields recede",2021-11-17 21:17:00+00:00
"Record selling by insiders is setting up stocks for a big fall, says contrarian investor",2021-11-18 12:22:00+00:00
Florida’s Space Coast is making a comeback thanks to private space flight,2021-11-18 15:00:53+00:00
Boeing (BA) Secures Deal Worth $9B for 737 MAX Airplanes,2021-11-18 15:48:00+00:00
Is EV-Maker Rivian’s Post-IPO Plunge A Buying Opportunity?,2021-11-19 07:48:00+00:00
Palo Alto Networks and Intuit Keeping the Nasdaq in the Black,2021-11-19 15:18:47+00:00
"Rising COVID-19 Cases In Europe Drag Dow 30, S&P 500, Oil And Yields",2021-11-19 15:47:00+00:00
Why Boeing Stock Crashed on Friday,2021-11-19 17:48:00+00:00
Why's the Dow Down While the S&P and Nasdaq Hit Record Highs?,2021-11-19 19:15:00+00:00
"Nasdaq closes at record high, U.S. stocks finish week with mixed results amid COVID-19 jitters",2021-11-19 21:40:00+00:00
Airbus Beats Boeing for Dubai Order Activity,2021-11-20 14:07:00+00:00
How Blue Origin's Lawsuit Pushed Us 1 Year Farther Away From the Moon,2021-11-21 11:07:00+00:00
"Jim Cramer Shares His Thoughts On Marathon Digital, Joby Aviation And More",2021-11-22 13:08:03+00:00
Lockheed (LMT) Wins $585M Deal to Aid F-35 Aircraft Program,2021-11-22 16:27:00+00:00
"Top Stock Reports for Alibaba, Lowe's & American Express",2021-11-22 18:31:00+00:00
"The Zacks Analyst Blog Highlights: Alibaba, Lowe's, American Express, Boeing and Moderna",2021-11-23 10:42:00+00:00
SpaceX Just Crushed Blue Origin in Court,2021-11-25 11:07:00+00:00
Boeing (BA) Wins $212.6M Modification Contract for MH47-G,2021-11-26 12:34:00+00:00
Why Boeing Stock Dropped Today,2021-11-26 15:56:30+00:00
Why AerCap Stock Is in a Freefall Today,2021-11-26 16:16:07+00:00
Travel stocks slump and vaccine maker stocks rally as WHO gears up to assess new coronavirus variant,2021-11-26 17:21:00+00:00
These 3 Stocks Punished the Dow Friday,2021-11-26 21:36:00+00:00
The U.S. stock market suffers ugly Black Friday selloff. Here are the biggest losers (and the winners).,2021-11-28 22:35:00+00:00
Lockheed Martin (LMT) Arm Wins $31.2M Modification Contract,2021-11-29 16:34:00+00:00
"Top Analyst Reports for Accenture, Raytheon & Becton, Dickinson",2021-11-29 20:17:00+00:00
"The Zacks Analyst Blog Highlights: Accenture, Raytheon, Becton, Dickinson and Co, Boeing and Gilead Sciences",2021-11-30 13:11:00+00:00
Why Boeing Stock Lost Altitude Today,2021-12-01 22:34:34+00:00
"Dow Jones Falls 462 Points on Omicron Fears, Salesforce.com 11% Drop",2021-12-01 22:35:38+00:00
"Apple's Falling, but This Beaten-Down Stock Is Flying Higher Thursday",2021-12-02 13:46:20+00:00
"Apple Issues Negative iPhone 13 Forecast as Boeing Gets ""Okay"" from China",2021-12-02 14:52:15+00:00
S&P 500 Breaks Important Technical Levels As VIX Spikes To March Highs,2021-12-02 15:55:00+00:00
Why Boeing Stock Just Popped,2021-12-02 15:58:46+00:00
"Boeing Flies Higher, But Could This Long-Term Bearish Pattern Keep Stock Grounded?",2021-12-02 18:56:28+00:00
"Omicron What? Dow Jones Shakes Off Fears, Surges 680 Points on Boeing, Visa, AmEx Gains",2021-12-02 20:17:00+00:00
Strength Seen in Boeing (BA): Can Its 7.5% Jump Turn into More Strength?,2021-12-03 10:50:00+00:00
Investors eagerly buy the dip — here are the losing stocks that became winners Thursday,2021-12-03 11:29:00+00:00
"Stock Market News for Dec 3, 2021",2021-12-03 14:19:00+00:00
NASA Awards $415.6M To Three Companies For Low-Orbit Space Station Designs,2021-12-03 17:37:36+00:00
Boeing (BA) Dips More Than Broader Markets: What You Should Know,2021-12-03 22:45:17+00:00
Don't Let Russia Knock Your Portfolio Out of Orbit,2021-12-05 11:07:00+00:00
NASA Signs Up SpaceX For 3 More Commercial Flights To ISS Amid Boeing's Starliner Delays,2021-12-06 11:32:04+00:00
"Dow scores biggest point gain in more than a year, while S&P 500 ends 1.2% higher as omicron worries take a break",2021-12-06 21:55:00+00:00
Santa Rally Underway? Dow's Best Trading Day Since March,2021-12-06 23:08:00+00:00
Lockheed (LMT) Wins $78M Deal to Support F-35 Jet Program,2021-12-07 10:51:00+00:00
"Stock Market News for Dec 7, 2021",2021-12-07 15:14:00+00:00
Lockheed's (LMT) Arm Wins Deal to Support CH-53K Aircraft,2021-12-08 14:35:00+00:00
These Companies Are Leading the Charge in Satellite Internet,2021-12-08 22:15:00+00:00
Looking for the 'hidden value' unearths GM and other stock gems for this fund manager,2021-12-09 12:22:00+00:00
American Airlines to cut international flights due to Boeing Dreamliner delays,2021-12-09 13:46:00+00:00
Delayed Delivery Of Boeing 787s Forces American Airlines To Cut International Flights,2021-12-09 15:35:59+00:00
Investors Appear To Be Pausing Ahead Of Friday’s Inflation Report,2021-12-09 15:46:00+00:00
"GameStop, Boeing, and Uber Trading Lower in Premarket Trading",2021-12-09 15:56:59+00:00
Boeing (BA) Dips More Than Broader Markets: What You Should Know,2021-12-09 22:45:21+00:00
Boeing 737 MAX Flies Back Mid-Air In India Due To Technical Issue,2021-12-10 09:04:39+00:00
Boeing (BA) Wins $367M Deal to Modify F/A-18 Fighter Jets,2021-12-10 12:25:00+00:00
Boeing (BA) Wins $367M Deal to Modify F/A-18 Fighter Jets,2021-12-10 12:25:00+00:00
Why Boeing Stock Dropped Monday,2021-12-13 22:48:00+00:00
Rivian Or Coinbase: Which Is A Better Buy After Post-IPO Plunges?,2021-12-14 14:35:00+00:00
Cathie Wood's Ark Has Nearly Exited Its Boeing Position,2021-12-15 11:52:05+00:00
Leidos Holdings (LDOS) Inks $82M Contract to Support UAS,2021-12-15 15:09:00+00:00
Stock Wars: American Airlines Vs. United Airlines,2021-12-15 16:13:30+00:00
5 Highest Yielding Dow Jones Stocks,2021-12-15 20:57:48+00:00
Boeing (BA) Stock Sinks As Market Gains: What You Should Know,2021-12-15 22:45:19+00:00
"Accenture, Rivian, and Jabil Rally in Premarket Trading on Better-Than-Expected Earnings",2021-12-16 14:55:17+00:00
Lockheed (LMT) Wins $77M Contract to Support F-16 Program,2021-12-16 14:57:00+00:00
Fed May Have Just Cleared Way For Santa Claus Rally,2021-12-16 16:09:00+00:00
"Top Analyst Reports for Alphabet, Bank of America & S&P Global",2021-12-16 17:10:00+00:00
3 Reopening Stocks to Buy in December,2021-12-17 14:41:00+00:00
"The Zacks Analyst Blog Highlights: Alphabet, Bank of America, S&P Global, ServiceNow and Boeing",2021-12-17 17:01:00+00:00
Why Jim Cramer Just Bought More Boeing Shares,2021-12-17 17:01:06+00:00
"Glitch Delays NASA Rocket Launch, Latest Setback In Boeing Led Project",2021-12-18 21:27:30+00:00
NASA's SLS Rocket Just Got $3.2 Billion More Expensive,2021-12-20 12:47:00+00:00
Boeing Analyst Cuts Boeing Price Target On Further 787 Delivery Delays,2021-12-20 17:00:06+00:00
Why Boeing Stock Soared 5.5% Today,2021-12-21 18:13:56+00:00
"Boeing (BA) to Supply 19 Freighters to UPS, Stock Rises 5.9%",2021-12-22 14:11:00+00:00
"Stock Market News for Dec 22, 2021",2021-12-22 14:33:00+00:00
My Top Picks To Play A Weakening US Dollar Entering 2022,2021-12-22 20:43:00+00:00
Boeing (BA) Outpaces Stock Market Gains: What You Should Know,2021-12-22 22:45:18+00:00
3 Breakout Aerospace Stocks to Buy in 2022 and Beyond,2021-12-23 13:17:00+00:00
Markets Looking Up in a Holiday-Shortened Week,2021-12-23 15:20:00+00:00
How To Play A Weakening US Dollar: My Top Picks For 2022 (Part 2),2021-12-23 15:53:00+00:00
Economic Data Deluge,2021-12-23 15:59:00+00:00
Lockheed (LMT) Wins $324M Deal to Support F-35 Aircraft,2021-12-24 15:32:00+00:00
S&P 500 Earnings Forecast 2022: Industrials Expected To Lead; 10 Stocks To Watch,2021-12-27 05:52:00+00:00
Dividend-Based Strategy For The Year Ahead,2021-12-27 21:38:00+00:00
Santa Claus Rally Underway,2021-12-27 22:31:00+00:00
"CNBC's Final Trades: Boeing, American Eagle Outfitters, FedEx And More",2021-12-29 13:01:52+00:00
The Dow's New High Is Hiding This Key Market Rotation,2021-12-29 23:40:28+00:00
These 8 Dow Jones Stocks Are Negative For 2021,2021-12-30 20:33:13+00:00
Boeing (BA) Dips More Than Broader Markets: What You Should Know,2021-12-30 22:45:18+00:00
Raytheon (RTX) Wins Deal to Support ESSM and NSMS Programs,2021-12-31 12:53:00+00:00
Boeing (BA) Wins $471M Deal to Modify Japan's F-15 Jets,2021-12-31 15:59:00+00:00
January Dogs Of The Dow Need A Pullback,2022-01-01 05:51:42+00:00
"These stocks are down at least 20% from 2021 highs, but Wall Street sees them gaining as much as 87% in 2022",2022-01-03 14:20:00+00:00
Lockheed's (LMT) Unit Wins Deal to Support CH-53K Aircraft,2022-01-03 15:49:00+00:00
Why Boeing Stock Rose Today,2022-01-03 18:36:20+00:00
"Defense Stock Roundup: NOC, LMT Win Orders, LHX Reorganizes Segments",2022-01-04 12:32:00+00:00
"Nasdaq books worst day in 11 months, S&P 500 skids 1.9% after Fed minutes surprise with talk of shrinking balance sheet",2022-01-05 21:52:00+00:00
Boeing (BA) Stock Moves -0.26%: What You Should Know,2022-01-05 22:45:19+00:00
DJD: The Dogs Of The Dow Are Cheap,2022-01-06 05:14:11+00:00
"Boeing (BA) Expands in ULCC Market, Wins Deal for 737 MAX Jet",2022-01-06 16:25:00+00:00
Why Boeing Missed the Rally in 2021,2022-01-06 17:47:31+00:00
Brenda Vingiello: Boeing is a buy at current levels,2022-01-06 21:08:06+00:00
Why Southwest Airlines Stock Was Grounded in 2021,2022-01-06 22:01:00+00:00
"Airline Stock Roundup: ALGT's Boing 737MAX Order, GOL's Rosy Traffic Post & More",2022-01-06 22:55:00+00:00
Bell-Boeing Wins a $1.7B Deal to Support V-22 Osprey Fleet,2022-01-07 16:34:00+00:00
Boeing (BA) Clinches Deal for Four 777 Freighter Aircraft,2022-01-07 16:54:00+00:00
"Airline stocks set to trade higher in 2022, B. of A. says",2022-01-07 16:55:00+00:00
Boeing Rings Up 3 Orders as Calendar Flips to 2022,2022-01-09 14:05:00+00:00
Sector Themes In Play In The Markets For 2022,2022-01-10 08:36:00+00:00
NVIDIA and The Gap have been highlighted as Zacks Bull and Bear of the Day,2022-01-10 14:09:00+00:00
Here's What Investors Need to Know About AerCap's High-Flying Acquisition,2022-01-11 02:15:00+00:00
Buy the Dip: 3 Stocks To Buy Today and Hold for the Next 3 Years,2022-01-11 15:45:00+00:00
Boeing loses ground to Airbus on jet deliveries as production issues continue to weigh,2022-01-11 22:23:00+00:00
3 Sectors Set To Report Blistering Growth As Q4 Earnings Kick Off,2022-01-12 11:15:00+00:00
Boeing (BA) Outpaces Stock Market Gains: What You Should Know,2022-01-12 22:45:22+00:00
Boeing Beat Airbus on 2021 Orders: So What?,2022-01-13 12:22:00+00:00
Embraer (ERJ) Clinches $172M Sale Agreement With Aernnova,2022-01-13 13:57:00+00:00
"2021 Was a Bad Year for This Stock, and 2022 May Not Be Much Better",2022-01-13 18:15:50+00:00
"Why Pete Najarian Bought Ford, Boeing Call Options Today",2022-01-13 19:53:38+00:00
Nasdaq snaps 3-day win streak and U.S. stocks end lower as Big Tech skids,2022-01-13 21:45:00+00:00
3 Stocks That Underperformed in 2021,2022-01-14 00:15:33+00:00
"Company News for Jan 14, 2022",2022-01-14 14:35:00+00:00
"Q4 Earnings Update and Analyst Reports for Apple, JNJ & McDonald's",2022-01-14 17:40:00+00:00
4 Reasons General Dynamics Stock Is Set to Soar in 2022,2022-01-16 14:45:00+00:00
Boeing's (BA) Q4 Commercial Deliveries Rise on 737 Shipments,2022-01-17 12:22:00+00:00
L3Harris Technologies (LHX) Wins Deal to Aid C-130H Program,2022-01-17 13:29:00+00:00
This 1 Chart Illustrates Why Boeing Is Going to Be Fine,2022-01-17 16:23:59+00:00
2 Dominant Defense Stocks to Buy in 2022 and Beyond,2022-01-18 13:44:00+00:00
What's in Store for Raytheon Technologies (RTX) in Q4 Earnings?,2022-01-19 16:19:00+00:00
Will Supply Chain Issue Hit Lockheed (LMT) in Q4 Earnings?,2022-01-19 16:45:00+00:00
Boeing (BA) Expected to Beat Earnings Estimates: Can the Stock Move Higher?,2022-01-19 20:01:21+00:00
The FAA procrastinated on 5G aviation tests for two years,2022-01-20 11:26:28+00:00
5 Blue-Chip Stocks Likely to Gain on Earnings Next Week,2022-01-20 13:03:00+00:00
Will Increased Opex Hurt General Dynamics (GD) Q4 Earnings?,2022-01-20 13:08:00+00:00
"From tech to financials, here are dozens of inflation-sensitive stocks that crush it when prices are rising, from Credit Suisse.",2022-01-20 14:24:00+00:00
Boeing (BA) Dips More Than Broader Markets: What You Should Know,2022-01-20 22:45:18+00:00
"The Zacks Analyst Blog Highlights: American Express Co., Apple Inc., The Boeing Co., Caterpillar Inc. and Chevron Corp",2022-01-21 11:37:00+00:00
Improved Product Deliveries to Aid Boeing (BA) in Q4 Earnings,2022-01-21 12:28:00+00:00
Wall Street Breakfast: What Moved Markets,2022-01-22 13:06:51+00:00
"1 Stock To Buy, 1 To Dump When Markets Open: McDonald’s, Robinhood",2022-01-23 12:32:00+00:00
"3 Stocks To Watch In The Coming Week: Tesla, Apple, Chevron",2022-01-23 12:36:00+00:00
Big Tech Companies Reporting This Week: Compares Are Tough For Q4 ’21 And Q1 ’22,2022-01-24 04:33:00+00:00
5 Top Aerospace Stocks to Buy for the Long Haul,2022-01-24 14:03:00+00:00
Will Higher 737 Deliveries Aid Boeing (BA) in Q4 Earnings?,2022-01-24 14:10:00+00:00
Why Boeing Stock Slumped Today,2022-01-24 18:23:07+00:00
Lockheed Martin (LMT) Q4 Earnings and Revenues Surpass Estimates,2022-01-25 13:45:04+00:00
"Aerospace Stocks to Watch for Q4 Earnings on Jan 26: BA, GD & HXL",2022-01-25 13:55:00+00:00
Increased Defense Deliveries to Boost Boeing (BA) Q4 Earnings,2022-01-25 16:05:00+00:00
FTC moves to block Lockheed Martin Aerojet acquisition,2022-01-25 17:41:00+00:00
S&P 500 Corrects Ahead Of Fed Meeting: Let's Check The Technicals,2022-01-25 19:48:00+00:00
"Lockheed Martin (LMT) Q4 Earnings Top Estimates, Sales Rise Y/Y",2022-01-25 20:48:00+00:00
"7 Stocks To Watch For January 26, 2022",2022-01-26 09:16:11+00:00
A Peek Into The Markets: US Stock Futures Gain; Fed Policy Decision In Focus,2022-01-26 10:16:30+00:00
"Aerospace Stocks to Watch for Earnings on Jan 27: TDY, TXT & NOC",2022-01-26 11:37:00+00:00
"Boeing (BA) Reports Q4 Loss, Lags Revenue Estimates",2022-01-26 13:45:05+00:00
"Boeing (BA) Q4 Earnings Miss Estimates, Revenues Decline Y/Y",2022-01-26 15:00:00+00:00
"General Dynamics' (GD) Q4 Earnings Beat Estimates, Sales Lag",2022-01-26 15:44:00+00:00
Fed News to Prompt Stock Markets Today,2022-01-26 15:50:00+00:00
Advance Trade in Goods for December Hit All-Time High,2022-01-26 16:02:00+00:00
Equity Futures Rally On Earnings Despite Looming Fed Announcement,2022-01-26 16:14:00+00:00
Boeing Stock Sits Near Key Level: What's Next After Earnings?,2022-01-26 16:56:20+00:00
Why These 2 Blue Chip Giants Missed Wednesday's Stock Market Rally,2022-01-26 18:17:00+00:00
"Dow, S&P 500 end lower after Federal Reserve keeps policy steady, warns it won't always be accommodative",2022-01-26 21:29:00+00:00
Why Boeing Stock Fell 4.8% Today,2022-01-26 22:12:28+00:00
Boeing (BA) Q4 2021 Earnings Call Transcript,2022-01-27 02:00:34+00:00
Boeing Stumbles Again With Big Q4 Loss,2022-01-27 13:22:00+00:00
"Company News for Jan 27, 2022",2022-01-27 14:40:00+00:00
"Textron (TXT) Q4 Earnings Lag Estimates, Revenues Fall Y/Y",2022-01-27 15:27:00+00:00
"Teledyne Technologies (TDY) Q4 Earnings Beat, Sales Rise Y/Y",2022-01-27 16:01:00+00:00
Why Virgin Orbit Stock Rocketed Higher on Thursday,2022-01-27 20:58:00+00:00
"Hexcel (HXL) Stock Down Following Q4 Earnings Beat, Sales Up",2022-01-28 14:31:00+00:00
S&P 500 Earnings Yield Still Above 5%,2022-01-30 05:02:00+00:00
Are the Dow's Worst-Performing Stocks of 2021 Ready to Rebound in 2022?,2022-01-31 12:42:00+00:00
Could Palantir Technologies Stock Help You Become a Millionaire?,2022-01-31 14:42:00+00:00
"L3Harris (LHX) Q4 Earnings Top Estimates, Revenues Fall Y/Y",2022-01-31 16:58:00+00:00
Boeing strikes deal with Qatar Airways for purchase of 777X freighter jets,2022-01-31 19:10:00+00:00
Why Boeing Stock Is Flying Higher Today,2022-01-31 21:11:28+00:00
Markets Close a Lousy Month on a Big Upswing,2022-01-31 22:50:00+00:00
Why Shares in Brazilian Airline Azul Soared Today,2022-02-01 00:58:55+00:00
Boeing Launches New 777X Freighter With Qatar Airways Order,2022-02-01 12:22:00+00:00
"Defense Stock Roundup: LMT, RTX, GD Beat on Q4 Earnings, BA Misses",2022-02-01 14:33:00+00:00
Investors Look To Ride Earnings Parade Into Friday’s Employment Report,2022-02-01 15:44:00+00:00
"Earnings Season Scorecard and Analyst Reports for P&G, IBM & Charter Communications",2022-02-01 16:36:00+00:00
Why Joby Aviation Shares Fell in January,2022-02-01 20:47:09+00:00
The U.S. Defense Industry's War Stimulus,2022-02-02 05:28:32+00:00
"TransDigm's (TDG) Q1 Earnings Miss Estimates, Sales Rise Y/Y",2022-02-08 16:13:00+00:00
"Top Analyst Reports for AbbVie, Boeing & Infosys",2022-02-09 15:56:00+00:00
"China bought none of the $200 billion it promised from the U.S. in phase-one trade deal, study reveals",2022-02-10 15:04:00+00:00
"The Zacks Analyst Blog Highlights AbbVie, The Boeing Company, Infosys Limited, Ford Motor Company and Public Storage",2022-02-10 17:39:00+00:00
"Boeing Stock Climbs Higher, Holds Above Key Level: What's Next?",2022-02-10 21:35:32+00:00
"Triumph Group (TGI) Q3 Earnings Beat Estimates, Sales Dip Y/Y",2022-02-11 14:26:00+00:00
12 Companies NASA Says Are Go for Launch,2022-02-14 12:07:00+00:00
Why Boeing Flew Higher Today,2022-02-15 19:20:00+00:00
The U.S. FAA still doesn’t trust Boeing’s quality control,2022-02-15 19:59:45+00:00
Stock Wars: Boeing Vs. Lockheed Martin,2022-02-16 15:44:21+00:00
Boeing And 3 Other Stocks Bought By Insiders,2022-02-17 11:42:00+00:00
Want To Bet Against Tesla? There Could Be A New Inverse ETF For Traders,2022-02-17 22:34:50+00:00
Looking for the Next Shiba Inu? Check Out These 2 Cryptocurrencies,2022-02-18 10:56:00+00:00
American Airlines cuts international schedule due to Boeing 787 delivery delays,2022-02-18 19:51:00+00:00
The Lockheed Martin Acquisition of Aerojet Could Still Happen,2022-02-19 12:05:00+00:00
SpaceX Has the World's Most Reliable Rocket,2022-02-20 13:07:00+00:00
American Airlines (AAL) Cuts Summer Flights on Boeing's Delays,2022-02-21 16:29:00+00:00
Why Boeing Stock Was Down More Than 5% Today,2022-02-22 20:20:23+00:00
Home Depot leads the list of 20 worst performers in the S&P 500 on Tuesday,2022-02-23 12:07:00+00:00
3 Top Aerospace Stocks Ready for a Bull Run,2022-02-23 12:31:00+00:00
Wall Street Breakfast: Correction Territory,2022-02-23 12:50:57+00:00
"BAE Systems 2021 pretax profit rose on higher sales, looks forward to top-line growth",2022-02-24 10:09:00+00:00
These 20 S&P 500 stocks are down at least 5% after Russia invades Ukraine,2022-02-24 15:37:00+00:00
"Why Boeing, GE, and Ingersoll Rand Stocks Dropped Today",2022-02-24 18:05:58+00:00
Why Is Boeing (BA) Up 4.6% Since Last Earnings Report?,2022-02-25 16:30:56+00:00
This next frontier for tech investors is just getting started,2022-02-25 17:12:00+00:00
"Boeing And Airbus: The Russian Invasion In Ukraine, A War With No Winners",2022-02-26 09:56:24+00:00
"Financials skid in Europe after Russia sanctions, while defense contractors surge on German buying spree",2022-02-28 08:21:00+00:00
This could be the ultimate travel destination in another year of uncertainty,2022-03-01 10:02:00+00:00
"February Market Wrap: Ukraine Worries, Inflation Slam Stocks, Boost Commodities",2022-03-01 11:01:00+00:00
European stocks slump as Russian market closed for second day,2022-03-01 16:42:00+00:00
"Why Lockheed and Palantir Popped, but Boeing Stock Dropped",2022-03-01 21:43:07+00:00
"Markets Fall As Russia-Ukraine Tensions Escalate; American Express, Boeing See Sharp Drops",2022-03-01 21:45:28+00:00
Oil Surges To $110 A Barrel As Congress Prepares To Hear From Fed Chair,2022-03-02 15:04:00+00:00
Finding Long-Term Winners in a Rough Market,2022-03-02 21:19:56+00:00
Boeing Stock Looks Poised For Long-Term Growth Despite Current Macro Risks,2022-03-03 07:02:00+00:00
Boeing: 3 Strategies To Take Advantage Of Share Price Weakness,2022-03-03 12:50:00+00:00
Boeing (BA) Clinches $195M Deal to Procure MH-47G Aircraft,2022-03-03 17:03:00+00:00
Lockheed (LMT) Wins $167M Deal to Support F-35 Jets Program,2022-03-04 14:57:00+00:00
Will Boeing's Stock Have Rough Landing?,2022-03-04 20:53:39+00:00
Wall Street Breakfast: What Moved Markets,2022-03-05 13:22:58+00:00
Alaska Air Optimizes Its Boeing 737 MAX Fleet,2022-03-05 15:52:00+00:00
What Shipbuilders Can Expect From the Navy’s Plans for Robotics,2022-03-06 11:53:00+00:00
"3 Stocks To Watch In The Coming Week: Rivian Automotive, DocuSign, AT&T",2022-03-06 13:04:00+00:00
Boeing (BA) to Supply 5 777-8 Freighters to Ethiopian Airlines,2022-03-07 13:50:00+00:00
Lockheed (LMT) Wins $870M Deal to Modify F-35 Aircraft,2022-03-07 15:06:00+00:00
A volatile day in London stocks sees trades canceled for Russian miner Polymetal,2022-03-07 15:27:00+00:00
"Oil Futures Top $130 Over, Pushing Equity Futures Lower",2022-03-07 15:41:00+00:00
Boeing's titanium supplier in Russia has ties with sanctioned oligarch ,2022-03-07 16:11:00+00:00
"As Russia presses its war with Ukraine, here are 10 aerospace and defense stocks expected to rise up to 39%",2022-03-07 16:58:00+00:00
Analyst Ratings For Boeing,2022-03-07 17:03:11+00:00
Boeing Suspends Purchase Of Titanium From Russia: Report,2022-03-07 17:17:42+00:00
Boeing And Airbus's Paths Diverge On Buying Titanium From Russia — Will The Supply Woes Worsen?,2022-03-08 09:10:30+00:00
"It wasn't hard for Apple to cut off Russia, but the precedent could be troublesome --- 'China is the real test'",2022-03-08 13:12:00+00:00
Russia Braces For Deep Recession Amid Corporate Exodus,2022-03-08 16:03:35+00:00
Embraer (ERJ) Expands in the Freighters Market With P2F,2022-03-08 21:07:00+00:00
"Top Research Reports for UnitedHealth, Accenture & Union Pacific",2022-03-09 17:42:00+00:00
"Embraer (ERJ) Q4 Earnings Beat Estimates, Revenues Rise Y/Y",2022-03-10 12:37:00+00:00
Could Boeing Be Set To Emerge As A Leading Defense Stock?,2022-03-10 15:52:29+00:00
"The Zacks Analyst Blog Highlights UnitedHealth Group, Accenture, Union Pacific, The Boeing Company and Prologis",2022-03-10 17:06:00+00:00
Boeing (BA) Stock Moves -0.1%: What You Should Know,2022-03-10 22:45:19+00:00
Should You Invest in the iShares U.S. Aerospace & Defense ETF (ITA)?,2022-03-11 11:20:08+00:00
"‘She was like a big sister to all of us’: Silicon Valley accountant killed with her children attempting to flee Ukraine should be remembered as more than a statistic, colleague says",2022-03-12 16:27:00+00:00
"7 Monster Stock Market Predictions: Worsening Liquidity, Volatility In Weeks Ahead",2022-03-14 05:03:00+00:00
Northrop (NOC) Wins $97M Deal to Support MQ-4C Triton UAS,2022-03-14 14:46:00+00:00
My Top Defense Stock to Buy Right Now,2022-03-15 11:41:00+00:00
"Boeing, FuelCell And Sunrun Stocks Defy S&P 500, Move Higher: What's Next?",2022-03-15 15:06:31+00:00
The Boeing Company continues to receive new orders. Should you buy the stock?,2022-03-15 23:08:52+00:00
Bell-Boeing Clinches Contract to Support V-22 Jet Program,2022-03-16 12:34:00+00:00
Why Lockheed Martin Stock Just Crashed,2022-03-16 16:37:34+00:00
Why Boeing Stock Popped on Wednesday,2022-03-16 18:51:17+00:00
Markets Rise After Fed Raises Interest Rates As Expected,2022-03-16 20:06:10+00:00
PGT Innovations and Delta Air Lines have been highlighted as Zacks Bull and Bear of the Day,2022-03-17 12:15:00+00:00
"Stock Market News for Mar 17, 2022",2022-03-17 13:33:00+00:00
Lockheed Martin (LMT) Wins Deal for Supplying F-16 Retrofits,2022-03-17 15:10:00+00:00
Boeing (BA) Gains But Lags Market: What You Should Know,2022-03-17 21:45:21+00:00
GE Investor Day: 3 Crucial Takeaways You Might Have Missed,2022-03-18 12:23:00+00:00
Boeing (BA) Wins Deal to Supply P-8A Training Systems Hardware,2022-03-18 13:00:00+00:00
Embraer's (ERJ) Arm Inks an Agreement With GlobalX for eVTOL,2022-03-18 14:00:00+00:00
You Won't Believe How Much It Will Cost for America to Return to the Moon,2022-03-19 10:53:00+00:00
Market Sell-Off: 3 Mid-Cap Stocks to Buy Hand Over Fist,2022-03-19 13:47:00+00:00
How SpaceX Saves NASA $100 Million Per Flight,2022-03-20 10:45:00+00:00
"Bad News - Fed May Have 6 Rate Hikes, Good News - We May Have 6 Rate Hikes; How To Trade It",2022-03-21 03:05:12+00:00
"Here's what it will take to make stocks a 'great' buying opportunity, says this strategist",2022-03-21 12:43:00+00:00
"Stock Market News for Mar 21, 2022",2022-03-21 13:51:00+00:00
China’s Boeing plane crash did not involve the troubled 737 Max,2022-03-21 14:25:53+00:00
Market Indexes' Winning Streak in Jeopardy?,2022-03-21 14:31:00+00:00
Why Boeing Shares Are Down Today,2022-03-21 14:36:16+00:00
Market Futures Lower Ahead of Opening,2022-03-21 15:00:00+00:00
Boeing 737 passenger plane crashed in southern China,2022-03-21 16:53:03+00:00
"Markets See Mixed Day Amid Rising Oil Prices, Treasury Yields",2022-03-21 20:12:27+00:00
How Boeing is responding to the 737-800 crash in China,2022-03-21 20:33:19+00:00
9 Aircraft Industry Stocks Other Than Boeing,2022-03-21 22:24:46+00:00
Dow ends 200 points lower after Fed's Powell leaves door open to larger rate hikes,2022-03-21 23:43:00+00:00
"Boeing, Airbus Or United Aircraft? Rivals Soar, Legacies Fumble",2022-03-22 06:00:21+00:00
Why Boeing Is On the Radar Of Retail Investors Today,2022-03-22 06:48:54+00:00
Lockheed (LMT) Missile Unit Wins $319M Deal to Support JASSM,2022-03-22 13:24:00+00:00
"Company News for Mar 22, 2022",2022-03-22 13:38:00+00:00
Investing legend Bill Miller says there are many good values in the market even after relief rally,2022-03-23 10:27:00+00:00
"AAR (AIR) Q3 Earnings Surpass Estimates, Sales Rise Y/Y",2022-03-23 11:06:00+00:00
5 Reasons General Electric Can Outperform,2022-03-23 12:18:00+00:00
"Top Stock Reports for Comcast, Danaher & Amgen",2022-03-23 21:20:00+00:00
Former Boeing pilot found not guilty of fraud in 737 Max trial,2022-03-23 22:14:00+00:00
"The Zacks Analyst Blog Highlights Comcast, Danaher, Amgen, Boeing and Canadian Pacific Railway",2022-03-24 10:09:00+00:00
U.S. business investment falls for the first time in a year. A slowing economy?,2022-03-24 12:23:00+00:00
Better Buy: Boeing or All 30 Dow Jones Stocks?,2022-03-24 12:48:00+00:00
Will Titanium Sanctions Against Russia Hurt Aerospace Stocks?,2022-03-24 17:45:00+00:00
Boeing (BA) Outpaces Stock Market Gains: What You Should Know,2022-03-24 21:45:17+00:00
Boeing (BA) Wins $72M Deal to Support P-8A Aircraft Program,2022-03-25 13:51:00+00:00
Russia Just Made Elon Musk the Luckiest Man in Space,2022-03-27 11:07:00+00:00
Boeing (BA) Wins Deal for KC-135 Air Refueling Jet Program,2022-03-29 16:37:00+00:00
Air Lease (AL) Inks Long-Term Lease Placement With Aeromexico,2022-03-29 18:21:00+00:00
Stocks to Gain as Aerospace Sees Solid Jet Demand in India,2022-03-30 12:29:00+00:00
Boeing (BA) Gains As Market Dips: What You Should Know,2022-03-30 21:45:18+00:00
Why Virgin Galactic Stock Fell Earthward Today,2022-03-30 23:04:27+00:00
Lockheed (LMT) Sikorsky Unit Wins Deal to Modify CH-53K Jets,2022-03-31 16:07:00+00:00
Will Blue Origin Land NASA's Newest Moon Contract?,2022-04-03 13:07:00+00:00
Lockheed (LMT) Wins $1.4B Deal to Make THAAD Interceptors,2022-04-04 14:20:00+00:00
Shift Back From Digital To Physical World: From Bits To Atoms,2022-04-05 04:06:34+00:00
U.S. FY23 DoD Budget Proposal Seeks 4.1% Hike: Stocks to Gain,2022-04-05 12:55:00+00:00
Boeing’s new Air Force One plane hit by production mishaps,2022-04-05 16:23:00+00:00
Why Amazon Stock Rocketed Off Course Today,2022-04-05 19:39:40+00:00
"The Zacks Analyst Blog Highlights Lockheed Martin, Boeing, Northrop Grumman, General Dynamics and Huntington Ingalls Industries",2022-04-06 09:57:00+00:00
Northrop (NOC) Wins a Deal to Support E-2D Hawkeye Program,2022-04-06 11:02:00+00:00
Is It Time to Buy the Dow Jones' 3 Worst-Performing March Stocks?,2022-04-06 11:25:00+00:00
"Company News for Apr 6, 2022",2022-04-06 12:37:00+00:00
3 Aerospace Stocks You Can Buy and Hold for the Next Decade,2022-04-06 14:15:00+00:00
Why Alibaba And Other Stocks Are Plunging In Hong Kong Today,2022-04-07 04:23:06+00:00
My Dividend Stock Portfolio: March 2022 Update - 101 Holdings And 29 Buys,2022-04-07 05:30:57+00:00
Microsoft (MSFT)-Boeing's Partnership to Boost Aviation Analytics,2022-04-07 14:48:00+00:00
Boeing (BA) Secures Deal to Support F-15 Aircraft Program,2022-04-07 15:13:00+00:00
Boeing (BA) Stock Sinks As Market Gains: What You Should Know,2022-04-07 21:45:21+00:00
Boeing 757 Operated By DHL Splits Into Two During Emergency Landing,2022-04-08 08:37:58+00:00
"Amazon's (AMZN) AWS Gets Selected by Boeing, Boosts Clientele",2022-04-08 14:53:00+00:00
"SpaceX Raises Prices, Blames Inflation",2022-04-09 11:07:00+00:00
Lockheed (LMT) Wins Deal to Supply THAAD Ground Equipment,2022-04-11 15:39:00+00:00
Boeing (BA) Clinches Contract to Support KC-46 Pegasus,2022-04-12 14:52:00+00:00
Why India Has Barred 90 Pilots From Flying Boeing's 737 Max,2022-04-13 06:30:30+00:00
Boeing's (BA) Q1 Airplane Deliveries Increase 14.3% Y/Y,2022-04-13 11:47:00+00:00
Boeing (BA) Stock Moves -0.51%: What You Should Know,2022-04-14 21:45:18+00:00
Amazon.com Partners With Everyone But SpaceX,2022-04-17 10:06:00+00:00
Wall Street Breakfast: Recession Risks,2022-04-18 11:30:28+00:00
Delta Air Lines has tested Elon Musk's Starlink for in-flight internet,2022-04-19 03:57:00+00:00
Elon Musk's Starlink Could Find Its Way To Delta Airlines' In-Flight Internet,2022-04-19 11:54:13+00:00
Textron (TXT) Unveils Completion of the Pipistrel Acquisition,2022-04-19 12:25:00+00:00
"Lockheed Martin (LMT) Q1 Earnings Top Estimates, Sales Down Y/Y",2022-04-19 13:20:00+00:00
Boeing (BA) May Report Negative Earnings: Know the Trend Ahead of Next Week's Release,2022-04-20 19:02:04+00:00
Boeing (BA) Dips More Than Broader Markets: What You Should Know,2022-04-20 21:45:20+00:00
These 2 Fuel Sources Might Be the Future of Aviation,2022-04-21 11:30:00+00:00
Here's What Boeing and Airbus Think About Electric Planes,2022-04-21 12:15:00+00:00
"It Won't Be 'The Jetsons,' But Flying Cars Are Coming",2022-04-22 13:15:00+00:00
Analyst Ratings for Boeing,2022-04-22 16:30:29+00:00
This Unstoppable Dividend Aristocrat Is 2022's Best-Performing Dow Stock (and It's Not Even Close),2022-04-23 12:56:00+00:00
"Stocks To Watch: Earnings Blitz Includes Apple, Microsoft, Twitter, Amazon And Boeing",2022-04-23 12:58:54+00:00
"Down More Than 23%, This Year's 2 Worst-Performing Dow Stocks Look Like Monster Buys Right Now",2022-04-23 14:53:00+00:00
"3 Stocks To Watch In The Coming Week: Meta Platforms, Apple, Amazon",2022-04-24 06:52:00+00:00
"1 Stock To Buy, 1 To Dump When Markets Open: Tesla, PayPal",2022-04-24 12:04:00+00:00
Big Week For Tech (Part II),2022-04-25 04:16:00+00:00
Elon Musk Was Right: Space Stocks Are the Best Stocks,2022-04-25 09:05:00+00:00
How SpaceX Became a Korean Defense Contractor,2022-04-25 10:06:00+00:00
Higher 737 Deliveries to Boost Boeing's (BA) Q1 Earnings,2022-04-25 11:58:00+00:00
Tech Titans Are Poised To Report,2022-04-25 14:35:00+00:00
Here's How Big Space Tourism Could Get,2022-04-26 09:05:00+00:00
"Boeing: Delays, Safety Concern And Earnings Mean Shares Unlikely To Take Off",2022-04-26 11:34:00+00:00
"Aerospace & Defense Q1 Earnings Due on Apr 27: BA, GD & TDY",2022-04-26 12:29:00+00:00
"7 Stocks To Watch For April 27, 2022",2022-04-27 07:36:12+00:00
A Peek Into The Markets: US Stock Futures Surge Following Tuesday's Plunge; Alphabet Earnings Miss Views,2022-04-27 09:33:05+00:00
"Boeing (BA) Reports Q1 Loss, Misses Revenue Estimates",2022-04-27 12:45:09+00:00
The bond market has crashed. Why one strategist says embrace the pain and get back in.,2022-04-27 12:56:00+00:00
These 2 Industrial Giants Are Making Moves Wednesday,2022-04-27 13:02:58+00:00
"Markets Bouncing Back, Boeing (BA) Posts Weak Q1",2022-04-27 14:47:00+00:00
Markets Await More Earnings Data,2022-04-27 15:04:00+00:00
Why Boeing Shares Are Falling Today,2022-04-27 15:28:54+00:00
"Boeing (BA) Q1 Earnings Miss Estimates, Revenues Decline Y/Y",2022-04-27 15:32:00+00:00
Boeing hits 17-month low on ‘messier-than-expected’ Q1,2022-04-27 15:56:28+00:00
Boeing (BA) Q1 2022 Earnings Call Transcript,2022-04-27 20:00:58+00:00
Markets Finish Marginally Higher As Earnings Reports Continue To Roll,2022-04-27 20:05:53+00:00
"Dow, S&P 500 eke out gains but Nasdaq slips after booking biggest dive since 2020",2022-04-27 20:39:00+00:00
Here's How Airbus Will Beat Boeing,2022-04-28 09:05:00+00:00
Lockheed Martin: 3 Trades To Leverage Growth In Aerospace And Defense Market,2022-04-28 12:42:00+00:00
"Company News for Apr 28, 2022",2022-04-28 13:42:00+00:00
"Textron (TXT) Q1 Earnings Beat Estimates, Revenues Rise Y/Y",2022-04-28 16:07:00+00:00
Why Boeing Shares Lost Altitude This Week,2022-04-28 19:39:26+00:00
Markets Surge Despite Drop In US GDP,2022-04-28 20:10:06+00:00
"Amazon Q1 Takeaways: Mixed Earnings, Lower Guidance Sends Stock Falling",2022-04-28 20:42:17+00:00
Why GE Shares Tanked This Week,2022-04-29 13:59:32+00:00
Is It Time to Buy the Dow Jones' 3 Worst-Performing April Stocks?,2022-04-29 14:24:27+00:00
Ready to Sell Amazon? This 1 Number May Change Your Mind,2022-04-30 10:30:00+00:00
Wall Street Breakfast: What Moved Markets,2022-04-30 12:29:15+00:00
How Aerojet Rocketdyne Scored a Whole Year's Sales in 1 Single Day,2022-05-02 09:05:00+00:00
FAANG stocks plus Microsoft lost $1.4 trillion in market value during April,2022-05-02 11:31:00+00:00
What Investors Missed in Microsoft's Latest Call With Analysts,2022-05-02 14:00:00+00:00
SpaceX Launches 4X More Satellites Than the Rest of the World -- Combined,2022-05-03 09:05:00+00:00
"Embraer (ERJ) Q1 Loss Wider Than Estimates, Revenues Fall Y/Y",2022-05-03 11:40:00+00:00
"Why Airplane Ticket Prices Are Flying High, While Your Wallet Might Be Grounded",2022-05-03 14:35:22+00:00
"Defense Stock Roundup: RTX, GD Beat on Q1 Earnings, BA Misses",2022-05-03 14:45:00+00:00
Markets Finish Marginally Higher As Investors Anticipate Federal Reserve Meeting,2022-05-03 20:05:27+00:00
"The Zacks Analyst Blog Highlights Raytheon Technologies, The Boeing Company, General Dynamics, Northrop Grumman and Textron",2022-05-04 09:29:00+00:00
"Boeing's No Good, Very Bad Q1 Earnings Report",2022-05-04 10:06:00+00:00
Flights To Hawaii Could Include Starlink On Board Soon,2022-05-04 23:32:50+00:00
3 Things Overheard on Lockheed Martin's Earnings Call,2022-05-05 12:33:56+00:00
"Boeing set to announce headquarters move to suburban Washington, D.C., from Chicago: report",2022-05-05 16:56:00+00:00
Money Talks? The Link Between Congressional Stock Trading And Corporate Lobbying,2022-05-05 18:45:49+00:00
Why Boeing Shares Are Falling Today,2022-05-05 21:53:42+00:00
Tech Selloff: Buy Amazon While It's Down,2022-05-05 22:00:00+00:00
Boeing Will Shift Base To Arlington As It Seeks Closer Ties With Washington,2022-05-06 06:39:23+00:00
"3 Stocks To Watch In The Coming Week: Peloton, Walt Disney, Rivian",2022-05-08 12:43:00+00:00
Why Boeing Stock Is Falling Today,2022-05-09 18:59:40+00:00
Markets Sell Off Following Last Week's Federal Reserve Decision,2022-05-09 20:17:44+00:00
3 Top Aerospace Stocks to Buy in May,2022-05-10 12:43:00+00:00
What You Could Buy With These CEOs' Yearly Compensation: From Eloon Musk To Eric Wu,2022-05-10 14:44:33+00:00
Why Boeing Stock Keeps Going Down,2022-05-11 20:23:00+00:00
Why Boeing Stock Is Still Falling,2022-05-12 19:42:03+00:00
Should You Invest in the iShares U.S. Aerospace & Defense ETF (ITA)?,2022-05-13 10:20:07+00:00
Why Boeing Failed to Sustain Its Altitude Today,2022-05-13 19:40:23+00:00
Markets Finish Sharply Higher Amid Ongoing Macro Concerns,2022-05-13 20:07:19+00:00
Wall Street Breakfast: What Moved Markets,2022-05-14 11:52:07+00:00
3 Dividend Stocks That Should Pay You for the Rest of Your Life,2022-05-16 13:13:00+00:00
Why Nio Shares Jumped Monday,2022-05-16 16:23:09+00:00
Key Boeing China Customer Said To Have Scrapped Over 100 Jets From Delivery Plans,2022-05-17 07:53:52+00:00
2 Cryptocurrencies That Could Dwarf Dogecoin,2022-05-17 10:19:00+00:00
15 stocks that have fallen at least 33% but by these measures are still standouts in their sectors,2022-05-17 10:25:00+00:00
"'Boeing management is running around like headless chickens,' Ryanair CEO says in earnings-call tirade",2022-05-17 11:47:00+00:00
Where Boeing Stands With Analysts,2022-05-17 14:24:19+00:00
Why Boeing Stock Bounced Back Today,2022-05-17 16:43:48+00:00
BofA Cuts Boeing Target On Higher Risk Profile,2022-05-17 17:56:17+00:00
Listen to Ryanair’s CEO deliver an obscene rant about Boeing management,2022-05-17 19:24:20+00:00
Why Investors Need to Know This Underrated Cryptocurrency,2022-05-18 11:29:00+00:00
How retirement coaches are training people to make one of life’s trickiest transitions,2022-05-18 13:45:00+00:00
